{"files": [{"path": "android/0002-Androidzujian/0011-Json/0000-Android Json jichu.md", "rname": "0000-Android Json \u57fa\u7840.md", "mtime": 1450026099.0, "mode": "file", "name": "0000-Android Json jichu.md"}, {"path": "android/0002-Androidzujian/0011-Json/0001-Jsonxierulei-JsonWriter.md", "rname": "0001-Json\u5199\u5165\u7c7b-JsonWriter.md", "mtime": 1450026099.0, "mode": "file", "name": "0001-Jsonxierulei-JsonWriter.md"}, {"path": "android/0002-Androidzujian/0011-Json/0002-Android Jsonjiexishilidaima.md", "rname": "0002-Android Json\u89e3\u6790\u793a\u4f8b\u4ee3\u7801.md", "mtime": 1450026099.0, "mode": "file", "name": "0002-Android Jsonjiexishilidaima.md"}, {"path": "android/0002-Androidzujian/0011-Json/0003-Android Json.md", "rname": "0003-Android Json.md", "mtime": 1450026099.0, "mode": "file", "name": "0003-Android Json.md"}], "rname": "0011-Json", "name": "0011-Json", "mode": "tree", "mtime": 1450026099.0, "path": "android/0002-Androidzujian/0011-Json"}