{"files": [{"path": "android/0002-Androidzujian/0010-AIDL/0000-shimoshiAIDLfuwu.md", "rname": "0000-\u4ec0\u4e48\u662fAIDL\u670d\u52a1.md", "mtime": 1450026099.0, "mode": "file", "name": "0000-shimoshiAIDLfuwu.md"}, {"path": "android/0002-Androidzujian/0010-AIDL/0001-Android chutanAIDLfuwu.md", "rname": "0001-Android \u521d\u8c08AIDL\u670d\u52a1.md", "mtime": 1450026099.0, "mode": "file", "name": "0001-Android chutanAIDLfuwu.md"}, {"path": "android/0002-Androidzujian/0010-AIDL/0002-Android shiyong[AIDL]tiaoyongwaibufuwu.md", "rname": "0002-Android \u4f7f\u7528[AIDL]\u8c03\u7528\u5916\u90e8\u670d\u52a1.md", "mtime": 1450026099.0, "mode": "file", "name": "0002-Android shiyong[AIDL]tiaoyongwaibufuwu.md"}, {"path": "android/0002-Androidzujian/0010-AIDL/0003-AndroidkaifazhongshixiankuajinchengtongxundiAIDLjiekou.md", "rname": "0003-Android\u5f00\u53d1\u4e2d\u5b9e\u73b0\u8de8\u8fdb\u7a0b\u901a\u8baf\u7684AIDL\u63a5\u53e3.md", "mtime": 1450026099.0, "mode": "file", "name": "0003-AndroidkaifazhongshixiankuajinchengtongxundiAIDLjiekou.md"}, {"path": "android/0002-Androidzujian/0010-AIDL/0004-Android kuajinchengtongxin(yi).md", "rname": "0004-Android \u8de8\u8fdb\u7a0b\u901a\u4fe1(\u4e00).md", "mtime": 1450026099.0, "mode": "file", "name": "0004-Android kuajinchengtongxin(yi).md"}, {"path": "android/0002-Androidzujian/0010-AIDL/0005-Android kuajinchengtongxin(er).md", "rname": "0005-Android \u8de8\u8fdb\u7a0b\u901a\u4fe1(\u4e8c).md", "mtime": 1450026099.0, "mode": "file", "name": "0005-Android kuajinchengtongxin(er).md"}, {"path": "android/0002-Androidzujian/0010-AIDL/0006-tongguoAIDLtiaoyongService.md", "rname": "0006-\u901a\u8fc7AIDL\u8c03\u7528Service.md", "mtime": 1450026099.0, "mode": "file", "name": "0006-tongguoAIDLtiaoyongService.md"}], "rname": "0010-AIDL", "name": "0010-AIDL", "mode": "tree", "mtime": 1450026099.0, "path": "android/0002-Androidzujian/0010-AIDL"}