{"files": [{"path": "android/0003-yonghujiemian/0010-AndroidyonghujiemianzhiNotification(tongzhilan)/0000-Android qiantanNotification.md", "rname": "0000-Android \u6d45\u8c08Notification.md", "mtime": 1450026099.0, "mode": "file", "name": "0000-Android qiantanNotification.md"}, {"path": "android/0003-yonghujiemian/0010-AndroidyonghujiemianzhiNotification(tongzhilan)/0001-Notification shiyongxiangjie(henquan).md", "rname": "0001-Notification \u4f7f\u7528\u8be6\u89e3(\u5f88\u5168).md", "mtime": 1450026099.0, "mode": "file", "name": "0001-Notification shiyongxiangjie(henquan).md"}, {"path": "android/0003-yonghujiemian/0010-AndroidyonghujiemianzhiNotification(tongzhilan)/0002-Android tongzhiNotification.md", "rname": "0002-Android \u901a\u77e5Notification.md", "mtime": 1450026099.0, "mode": "file", "name": "0002-Android tongzhiNotification.md"}, {"path": "android/0003-yonghujiemian/0010-AndroidyonghujiemianzhiNotification(tongzhilan)/0003-Android chuangjianhechufaNotification.md", "rname": "0003-Android \u521b\u5efa\u548c\u89e6\u53d1Notification.md", "mtime": 1450026099.0, "mode": "file", "name": "0003-Android chuangjianhechufaNotification.md"}, {"path": "android/0003-yonghujiemian/0010-AndroidyonghujiemianzhiNotification(tongzhilan)/0004-Android Notificationshili.md", "rname": "0004-Android Notification\u5b9e\u4f8b.md", "mtime": 1450026099.0, "mode": "file", "name": "0004-Android Notificationshili.md"}, {"path": "android/0003-yonghujiemian/0010-AndroidyonghujiemianzhiNotification(tongzhilan)/0005-Android NotificationyuToast(yi).md", "rname": "0005-Android Notification\u4e0eToast(\u4e00).md", "mtime": 1450026099.0, "mode": "file", "name": "0005-Android NotificationyuToast(yi).md"}, {"path": "android/0003-yonghujiemian/0010-AndroidyonghujiemianzhiNotification(tongzhilan)/0006-Android NotificationyuToast(er).md", "rname": "0006-Android Notification\u4e0eToast(\u4e8c).md", "mtime": 1450026099.0, "mode": "file", "name": "0006-Android NotificationyuToast(er).md"}, {"path": "android/0003-yonghujiemian/0010-AndroidyonghujiemianzhiNotification(tongzhilan)/0007-Notificationshishixianshixitongneicunxinxi.md", "rname": "0007-Notification\u5b9e\u65f6\u663e\u793a\u7cfb\u7edf\u5185\u5b58\u4fe1\u606f.md", "mtime": 1450026099.0, "mode": "file", "name": "0007-Notificationshishixianshixitongneicunxinxi.md"}, {"path": "android/0003-yonghujiemian/0010-AndroidyonghujiemianzhiNotification(tongzhilan)/0008-AndroiddianjiNotificationzhihouhuidaodangqianzhengzaiyunhangdiActivity.md", "rname": "0008-Android\u70b9\u51fbNotification\u4e4b\u540e\u56de\u5230\u5f53\u524d\u6b63\u5728\u8fd0\u884c\u7684Activity.md", "mtime": 1450026099.0, "mode": "file", "name": "0008-AndroiddianjiNotificationzhihouhuidaodangqianzhengzaiyunhangdiActivity.md"}, {"path": "android/0003-yonghujiemian/0010-AndroidyonghujiemianzhiNotification(tongzhilan)/0009-NotificationzhongruhechuandiExtracanshu.md", "rname": "0009-Notification\u4e2d\u5982\u4f55\u4f20\u9012Extra\u53c2\u6570.md", "mtime": 1450026099.0, "mode": "file", "name": "0009-NotificationzhongruhechuandiExtracanshu.md"}, {"path": "android/0003-yonghujiemian/0010-AndroidyonghujiemianzhiNotification(tongzhilan)/0010-ruhezhizuoNotificationchengxu.md", "rname": "0010-\u5982\u4f55\u5236\u4f5cNotification\u7a0b\u5e8f.md", "mtime": 1450026099.0, "mode": "file", "name": "0010-ruhezhizuoNotificationchengxu.md"}], "rname": "0010-Android\u7528\u6237\u754c\u9762\u4e4bNotification(\u901a\u77e5\u680f)", "name": "0010-AndroidyonghujiemianzhiNotification(tongzhilan)", "mode": "tree", "mtime": 1450026099.0, "path": "android/0003-yonghujiemian/0010-AndroidyonghujiemianzhiNotification(tongzhilan)"}