{"files": [{"path": "android/0001-Androidjichu/0011-dicengjichu/0000-AndroidzhongzenyangqianruCyuyan(yi).md", "rname": "0000-Android\u4e2d\u600e\u6837\u5d4c\u5165C\u8bed\u8a00(\u4e00).md", "mtime": 1424835166.0, "mode": "file", "name": "0000-AndroidzhongzenyangqianruCyuyan(yi).md"}, {"path": "android/0001-Androidjichu/0011-dicengjichu/0001-AndroidzhongzenyangqianruCyuyan(er).md", "rname": "0001-Android\u4e2d\u600e\u6837\u5d4c\u5165C\u8bed\u8a00(\u4e8c).md", "mtime": 1424835166.0, "mode": "file", "name": "0001-AndroidzhongzenyangqianruCyuyan(er).md"}, {"path": "android/0001-Androidjichu/0011-dicengjichu/0002-AndroidzhongzenyangqianruCyuyan(san).md", "rname": "0002-Android\u4e2d\u600e\u6837\u5d4c\u5165C\u8bed\u8a00(\u4e09).md", "mtime": 1424835166.0, "mode": "file", "name": "0002-AndroidzhongzenyangqianruCyuyan(san).md"}, {"path": "android/0001-Androidjichu/0011-dicengjichu/0003-AndroidzhongzenyangqianruCyuyan(si).md", "rname": "0003-Android\u4e2d\u600e\u6837\u5d4c\u5165C\u8bed\u8a00(\u56db).md", "mtime": 1424934781.0, "mode": "file", "name": "0003-AndroidzhongzenyangqianruCyuyan(si).md"}, {"path": "android/0001-Androidjichu/0011-dicengjichu/0004-AndroidzhongzenyangqianruCyuyan(wu).md", "rname": "0004-Android\u4e2d\u600e\u6837\u5d4c\u5165C\u8bed\u8a00(\u4e94).md", "mtime": 1424835166.0, "mode": "file", "name": "0004-AndroidzhongzenyangqianruCyuyan(wu).md"}, {"path": "android/0001-Androidjichu/0011-dicengjichu/0005-AndroidzhongzenyangqianruCyuyan(liu).md", "rname": "0005-Android\u4e2d\u600e\u6837\u5d4c\u5165C\u8bed\u8a00(\u516d).md", "mtime": 1424934780.0, "mode": "file", "name": "0005-AndroidzhongzenyangqianruCyuyan(liu).md"}], "rname": "0011-\u5e95\u5c42\u57fa\u7840", "name": "0011-dicengjichu", "mode": "tree", "mtime": 1424866980.0, "path": "android/0001-Androidjichu/0011-dicengjichu"}