{"files": [{"path": "android/0003-yonghujiemian/0007-AndroidyonghujiemianzhiListView(liebiaoshitu)/0000-Android kaifabijijiandanyingyong-ListActivity.md", "rname": "0000-Android \u5f00\u53d1\u7b14\u8bb0\u7b80\u5355\u5e94\u7528-ListActivity.md", "mtime": 1424835166.0, "mode": "file", "name": "0000-Android kaifabijijiandanyingyong-ListActivity.md"}, {"path": "android/0003-yonghujiemian/0007-AndroidyonghujiemianzhiListView(liebiaoshitu)/0001-Android kaifabiji jiandanyingyong-ListView(1).md", "rname": "0001-Android \u5f00\u53d1\u7b14\u8bb0 \u7b80\u5355\u5e94\u7528-ListView(1).md", "mtime": 1424835166.0, "mode": "file", "name": "0001-Android kaifabiji jiandanyingyong-ListView(1).md"}, {"path": "android/0003-yonghujiemian/0007-AndroidyonghujiemianzhiListView(liebiaoshitu)/0002-Android kaifabiji jiandanyingyong-ListView(2).md", "rname": "0002-Android \u5f00\u53d1\u7b14\u8bb0 \u7b80\u5355\u5e94\u7528-ListView(2).md", "mtime": 1424835166.0, "mode": "file", "name": "0002-Android kaifabiji jiandanyingyong-ListView(2).md"}, {"path": "android/0003-yonghujiemian/0007-AndroidyonghujiemianzhiListView(liebiaoshitu)/0003-Android jiazaiListViewshixiangengxindonghua(yi).md", "rname": "0003-Android \u52a0\u8f7dListView\u5b9e\u73b0\u66f4\u65b0\u52a8\u753b(\u4e00).md", "mtime": 1424935095.0, "mode": "file", "name": "0003-Android jiazaiListViewshixiangengxindonghua(yi).md"}, {"path": "android/0003-yonghujiemian/0007-AndroidyonghujiemianzhiListView(liebiaoshitu)/0004-Android jiazaiListViewshixiangengxindonghua(er).md", "rname": "0004-Android \u52a0\u8f7dListView\u5b9e\u73b0\u66f4\u65b0\u52a8\u753b(\u4e8c).md", "mtime": 1424935095.0, "mode": "file", "name": "0004-Android jiazaiListViewshixiangengxindonghua(er).md"}, {"path": "android/0003-yonghujiemian/0007-AndroidyonghujiemianzhiListView(liebiaoshitu)/0005-Android tuozhuaiListView(yi).md", "rname": "0005-Android \u62d6\u62fdListView(\u4e00).md", "mtime": 1424835166.0, "mode": "file", "name": "0005-Android tuozhuaiListView(yi).md"}, {"path": "android/0003-yonghujiemian/0007-AndroidyonghujiemianzhiListView(liebiaoshitu)/0006-Android tuozhuaiListView(er).md", "rname": "0006-Android \u62d6\u62fdListView(\u4e8c).md", "mtime": 1424835166.0, "mode": "file", "name": "0006-Android tuozhuaiListView(er).md"}, {"path": "android/0003-yonghujiemian/0007-AndroidyonghujiemianzhiListView(liebiaoshitu)/0007-Android tuozhuaiListView(san).md", "rname": "0007-Android \u62d6\u62fdListView(\u4e09).md", "mtime": 1424935095.0, "mode": "file", "name": "0007-Android tuozhuaiListView(san).md"}, {"path": "android/0003-yonghujiemian/0007-AndroidyonghujiemianzhiListView(liebiaoshitu)/0008-Android tuozhuaiListView(si).md", "rname": "0008-Android \u62d6\u62fdListView(\u56db).md", "mtime": 1424935094.0, "mode": "file", "name": "0008-Android tuozhuaiListView(si).md"}, {"path": "android/0003-yonghujiemian/0007-AndroidyonghujiemianzhiListView(liebiaoshitu)/0009-Android tuozhuaiListView(wu).md", "rname": "0009-Android \u62d6\u62fdListView(\u4e94).md", "mtime": 1424835166.0, "mode": "file", "name": "0009-Android tuozhuaiListView(wu).md"}, {"path": "android/0003-yonghujiemian/0007-AndroidyonghujiemianzhiListView(liebiaoshitu)/0010-Android leiListViewxialashuaxinkongjianshixian.md", "rname": "0010-Android \u7c7bListView\u4e0b\u62c9\u5237\u65b0\u63a7\u4ef6\u5b9e\u73b0.md", "mtime": 1424935094.0, "mode": "file", "name": "0010-Android leiListViewxialashuaxinkongjianshixian.md"}, {"path": "android/0003-yonghujiemian/0007-AndroidyonghujiemianzhiListView(liebiaoshitu)/0011-ListViewdongtaitianjiashanchuxiang.md", "rname": "0011-ListView\u52a8\u6001\u6dfb\u52a0\u5220\u9664\u9879.md", "mtime": 1424835166.0, "mode": "file", "name": "0011-ListViewdongtaitianjiashanchuxiang.md"}, {"path": "android/0003-yonghujiemian/0007-AndroidyonghujiemianzhiListView(liebiaoshitu)/0012-Android Endless List(xunhuanlist).md", "rname": "0012-Android Endless List(\u5faa\u73aflist).md", "mtime": 1424835166.0, "mode": "file", "name": "0012-Android Endless List(xunhuanlist).md"}, {"path": "android/0003-yonghujiemian/0007-AndroidyonghujiemianzhiListView(liebiaoshitu)/0013-Android listview didanxinghuadongjiandandemoshixian.md", "rname": "0013-Android listview \u7684\u5f39\u6027\u6ed1\u52a8\u7b80\u5355demo\u5b9e\u73b0.md", "mtime": 1424935093.0, "mode": "file", "name": "0013-Android listview didanxinghuadongjiandandemoshixian.md"}, {"path": "android/0003-yonghujiemian/0007-AndroidyonghujiemianzhiListView(liebiaoshitu)/0014-ListViewshipeiqijihuancunjizhi.md", "rname": "0014-ListView\u9002\u914d\u5668\u53ca\u7f13\u5b58\u673a\u5236.md", "mtime": 1424835166.0, "mode": "file", "name": "0014-ListViewshipeiqijihuancunjizhi.md"}, {"path": "android/0003-yonghujiemian/0007-AndroidyonghujiemianzhiListView(liebiaoshitu)/0015-fenzuListViewshiyongjiqiao.md", "rname": "0015-\u5206\u7ec4ListView\u4f7f\u7528\u6280\u5de7.md", "mtime": 1424935093.0, "mode": "file", "name": "0015-fenzuListViewshiyongjiqiao.md"}, {"path": "android/0003-yonghujiemian/0007-AndroidyonghujiemianzhiListView(liebiaoshitu)/0016-jiyuzidingyishipeiqidiExpandableListView.md", "rname": "0016-\u57fa\u4e8e\u81ea\u5b9a\u4e49\u9002\u914d\u5668\u7684ExpandableListView.md", "mtime": 1424935093.0, "mode": "file", "name": "0016-jiyuzidingyishipeiqidiExpandableListView.md"}, {"path": "android/0003-yonghujiemian/0007-AndroidyonghujiemianzhiListView(liebiaoshitu)/0017-quqiaofangfashixiandaifengefudilistview.md", "rname": "0017-\u53d6\u5de7\u65b9\u6cd5\u5b9e\u73b0\u5e26\u5206\u9694\u7b26\u7684listview.md", "mtime": 1424835166.0, "mode": "file", "name": "0017-quqiaofangfashixiandaifengefudilistview.md"}, {"path": "android/0003-yonghujiemian/0007-AndroidyonghujiemianzhiListView(liebiaoshitu)/0018-jiejueAndroidzailistviewzhongcheckboxpiliangcaozuowenti.md", "rname": "0018-\u89e3\u51b3Android\u5728listview\u4e2dcheckbox\u6279\u91cf\u64cd\u4f5c\u95ee\u9898.md", "mtime": 1424835166.0, "mode": "file", "name": "0018-jiejueAndroidzailistviewzhongcheckboxpiliangcaozuowenti.md"}, {"path": "android/0003-yonghujiemian/0007-AndroidyonghujiemianzhiListView(liebiaoshitu)/0019-tanAndroidzhongListViewdiyouhua.md", "rname": "0019-\u8c08Android\u4e2dListView\u7684\u4f18\u5316.md", "mtime": 1424835166.0, "mode": "file", "name": "0019-tanAndroidzhongListViewdiyouhua.md"}, {"path": "android/0003-yonghujiemian/0007-AndroidyonghujiemianzhiListView(liebiaoshitu)/0020-fangtongxunluListViewxiaolizi.md", "rname": "0020-\u4eff\u901a\u8baf\u5f55ListView\u5c0f\u4f8b\u5b50.md", "mtime": 1424935092.0, "mode": "file", "name": "0020-fangtongxunluListViewxiaolizi.md"}, {"path": "android/0003-yonghujiemian/0007-AndroidyonghujiemianzhiListView(liebiaoshitu)/0021-jingmeiListViewshili.md", "rname": "0021-\u7cbe\u7f8eListView\u5b9e\u4f8b.md", "mtime": 1424835166.0, "mode": "file", "name": "0021-jingmeiListViewshili.md"}], "rname": "0007-Android\u7528\u6237\u754c\u9762\u4e4bListView(\u5217\u8868\u89c6\u56fe)", "name": "0007-AndroidyonghujiemianzhiListView(liebiaoshitu)", "mode": "tree", "mtime": 1424866980.0, "path": "android/0003-yonghujiemian/0007-AndroidyonghujiemianzhiListView(liebiaoshitu)"}