{"files": [{"path": "android/0003-yonghujiemian/0017-AndroidyonghujiemianzhiActionBar(daohanglan)/0000-Android ActionBarshiyongfangfa(yi).md", "rname": "0000-Android ActionBar\u4f7f\u7528\u65b9\u6cd5(\u4e00).md", "mtime": 1424835166.0, "mode": "file", "name": "0000-Android ActionBarshiyongfangfa(yi).md"}, {"path": "android/0003-yonghujiemian/0017-AndroidyonghujiemianzhiActionBar(daohanglan)/0001-Android ActionBarshiyongfangfa(er).md", "rname": "0001-Android ActionBar\u4f7f\u7528\u65b9\u6cd5(\u4e8c).md", "mtime": 1424835166.0, "mode": "file", "name": "0001-Android ActionBarshiyongfangfa(er).md"}, {"path": "android/0003-yonghujiemian/0017-AndroidyonghujiemianzhiActionBar(daohanglan)/0002-Android Action Barshilidaima(yi).md", "rname": "0002-Android Action Bar\u793a\u4f8b\u4ee3\u7801(\u4e00).md", "mtime": 1424835166.0, "mode": "file", "name": "0002-Android Action Barshilidaima(yi).md"}, {"path": "android/0003-yonghujiemian/0017-AndroidyonghujiemianzhiActionBar(daohanglan)/0003-Android Action Barshilidaima(er).md", "rname": "0003-Android Action Bar\u793a\u4f8b\u4ee3\u7801(\u4e8c).md", "mtime": 1424835166.0, "mode": "file", "name": "0003-Android Action Barshilidaima(er).md"}, {"path": "android/0003-yonghujiemian/0017-AndroidyonghujiemianzhiActionBar(daohanglan)/0004-Android Action Barshilidaima(san).md", "rname": "0004-Android Action Bar\u793a\u4f8b\u4ee3\u7801(\u4e09).md", "mtime": 1424835166.0, "mode": "file", "name": "0004-Android Action Barshilidaima(san).md"}, {"path": "android/0003-yonghujiemian/0017-AndroidyonghujiemianzhiActionBar(daohanglan)/0005-Android3.0zhongdiActionBar.md", "rname": "0005-Android3.0\u4e2d\u7684ActionBar.md", "mtime": 1424835166.0, "mode": "file", "name": "0005-Android3.0zhongdiActionBar.md"}, {"path": "android/0003-yonghujiemian/0017-AndroidyonghujiemianzhiActionBar(daohanglan)/0006-guanyuAction Bardiyangshi.md", "rname": "0006-\u5173\u4e8eAction Bar\u7684\u6837\u5f0f.md", "mtime": 1429080473.0, "mode": "file", "name": "0006-guanyuAction Bardiyangshi.md"}], "rname": "0017-Android\u7528\u6237\u754c\u9762\u4e4bActionBar(\u5bfc\u822a\u680f)", "name": "0017-AndroidyonghujiemianzhiActionBar(daohanglan)", "mode": "tree", "mtime": 1424866980.0, "path": "android/0003-yonghujiemian/0017-AndroidyonghujiemianzhiActionBar(daohanglan)"}