{"files": [{"path": "android/0002-Androidzujian/0004-Content Provider/0000-Content Providerdiliaojie.md", "rname": "0000-Content Provider\u7684\u4e86\u89e3.md", "mtime": 1424835166.0, "mode": "file", "name": "0000-Content Providerdiliaojie.md"}, {"path": "android/0002-Androidzujian/0004-Content Provider/0001-Android Content Providerrumen.md", "rname": "0001-Android Content Provider\u5165\u95e8.md", "mtime": 1424934911.0, "mode": "file", "name": "0001-Android Content Providerrumen.md"}, {"path": "android/0002-Androidzujian/0004-Content Provider/0002-Content Provider yongfahelijie.md", "rname": "0002-Content Provider \u7528\u6cd5\u548c\u7406\u89e3.md", "mtime": 1424835166.0, "mode": "file", "name": "0002-Content Provider yongfahelijie.md"}, {"path": "android/0002-Androidzujian/0004-Content Provider/0003-Android Content Providerxiangjie(yi).md", "rname": "0003-Android Content Provider\u8be6\u89e3(\u4e00).md", "mtime": 1424835166.0, "mode": "file", "name": "0003-Android Content Providerxiangjie(yi).md"}, {"path": "android/0002-Androidzujian/0004-Content Provider/0004-Android Content Providerxiangjie(er).md", "rname": "0004-Android Content Provider\u8be6\u89e3(\u4e8c).md", "mtime": 1424835166.0, "mode": "file", "name": "0004-Android Content Providerxiangjie(er).md"}, {"path": "android/0002-Androidzujian/0004-Content Provider/0005-Android Content Providerxiangjie(san).md", "rname": "0005-Android Content Provider\u8be6\u89e3(\u4e09).md", "mtime": 1425023131.0, "mode": "file", "name": "0005-Android Content Providerxiangjie(san).md"}, {"path": "android/0002-Androidzujian/0004-Content Provider/0006-Android liyongxianchengdiContent Provider.md", "rname": "0006-Android \u5229\u7528\u73b0\u6210\u7684Content Provider.md", "mtime": 1425023235.0, "mode": "file", "name": "0006-Android liyongxianchengdiContent Provider.md"}, {"path": "android/0002-Androidzujian/0004-Content Provider/0007-AndroidzhongdiContentResolveryingyong.md", "rname": "0007-Android\u4e2d\u7684ContentResolver\u5e94\u7528.md", "mtime": 1424835166.0, "mode": "file", "name": "0007-AndroidzhongdiContentResolveryingyong.md"}, {"path": "android/0002-Androidzujian/0004-Content Provider/0008-ContentResolverjiexi.md", "rname": "0008-ContentResolver\u89e3\u6790.md", "mtime": 1424835166.0, "mode": "file", "name": "0008-ContentResolverjiexi.md"}, {"path": "android/0002-Androidzujian/0004-Content Provider/0009-ContentResolveryuContentProviderruheguanlianzaiyiqidi.md", "rname": "0009-ContentResolver\u4e0eContentProvider\u5982\u4f55\u5173\u8054\u5728\u4e00\u8d77\u7684.md", "mtime": 1425023245.0, "mode": "file", "name": "0009-ContentResolveryuContentProviderruheguanlianzaiyiqidi.md"}, {"path": "android/0002-Androidzujian/0004-Content Provider/0010-Android API huoqutongxunluzhongdianhuahaomadilizi.md", "rname": "0010-Android API \u83b7\u53d6\u901a\u8baf\u5f55\u4e2d\u7535\u8bdd\u53f7\u7801\u7684\u4f8b\u5b50.md", "mtime": 1424835166.0, "mode": "file", "name": "0010-Android API huoqutongxunluzhongdianhuahaomadilizi.md"}, {"path": "android/0002-Androidzujian/0004-Content Provider/0011-Androidduanxingongnengshixianyuanma.md", "rname": "0011-Android\u77ed\u4fe1\u529f\u80fd\u5b9e\u73b0\u6e90\u7801.md", "mtime": 1424934910.0, "mode": "file", "name": "0011-Androidduanxingongnengshixianyuanma.md"}], "rname": "0004-Content Provider", "name": "0004-Content Provider", "mode": "tree", "mtime": 1424866980.0, "path": "android/0002-Androidzujian/0004-Content Provider"}