{"files": [{"path": "android/0002-Androidzujian/0001-Activity", "rname": "0001-Activity", "mtime": 1450026099.0, "mode": "tree", "name": "0001-Activity"}, {"path": "android/0002-Androidzujian/0002-Intent", "rname": "0002-Intent", "mtime": 1450026099.0, "mode": "tree", "name": "0002-Intent"}, {"path": "android/0002-Androidzujian/0003-Service", "rname": "0003-Service", "mtime": 1450026099.0, "mode": "tree", "name": "0003-Service"}, {"path": "android/0002-Androidzujian/0004-Content Provider", "rname": "0004-Content Provider", "mtime": 1450026099.0, "mode": "tree", "name": "0004-Content Provider"}, {"path": "android/0002-Androidzujian/0005-BroadcastReceiver", "rname": "0005-BroadcastReceiver", "mtime": 1450026099.0, "mode": "tree", "name": "0005-BroadcastReceiver"}, {"path": "android/0002-Androidzujian/0006-AsyncTask", "rname": "0006-AsyncTask", "mtime": 1450026099.0, "mode": "tree", "name": "0006-AsyncTask"}, {"path": "android/0002-Androidzujian/0007-Handler", "rname": "0007-Handler", "mtime": 1450026099.0, "mode": "tree", "name": "0007-Handler"}, {"path": "android/0002-Androidzujian/0008-Thread", "rname": "0008-Thread", "mtime": 1450026099.0, "mode": "tree", "name": "0008-Thread"}, {"path": "android/0002-Androidzujian/0009-Permission", "rname": "0009-Permission", "mtime": 1450026099.0, "mode": "tree", "name": "0009-Permission"}, {"path": "android/0002-Androidzujian/0010-AIDL", "rname": "0010-AIDL", "mtime": 1450026099.0, "mode": "tree", "name": "0010-AIDL"}, {"path": "android/0002-Androidzujian/0011-Json", "rname": "0011-Json", "mtime": 1450026099.0, "mode": "tree", "name": "0011-Json"}], "rname": "0002-Android\u7ec4\u4ef6", "name": "0002-Androidzujian", "mode": "tree", "mtime": 1450026099.0, "path": "android/0002-Androidzujian"}