{"files": [{"path": "android/0003-yonghujiemian/0013-AndroidyonghujiemianzhiProgressBar(jindutiao)/0000-AndroidkongjianzhiProgressBarjindutiao.md", "rname": "0000-Android\u63a7\u4ef6\u4e4bProgressBar\u8fdb\u5ea6\u6761.md", "mtime": 1426853434.0, "mode": "file", "name": "0000-AndroidkongjianzhiProgressBarjindutiao.md"}, {"path": "android/0003-yonghujiemian/0013-AndroidyonghujiemianzhiProgressBar(jindutiao)/0001-Andorid-UIpian-liangzhongjindutiao(ProgressBar).md", "rname": "0001-Andorid-UI\u7bc7-\u4e24\u79cd\u8fdb\u5ea6\u6761(ProgressBar).md", "mtime": 1426853457.0, "mode": "file", "name": "0001-Andorid-UIpian-liangzhongjindutiao(ProgressBar).md"}, {"path": "android/0003-yonghujiemian/0013-AndroidyonghujiemianzhiProgressBar(jindutiao)/0002-Android ProgressBarshixianfangshi.md", "rname": "0002-Android ProgressBar\u5b9e\u73b0\u65b9\u5f0f.md", "mtime": 1424835166.0, "mode": "file", "name": "0002-Android ProgressBarshixianfangshi.md"}, {"path": "android/0003-yonghujiemian/0013-AndroidyonghujiemianzhiProgressBar(jindutiao)/0003-Androidyouxikaifaxitongkongjian-ProgressBar.md", "rname": "0003-Android\u6e38\u620f\u5f00\u53d1\u7cfb\u7edf\u63a7\u4ef6-ProgressBar.md", "mtime": 1426853723.0, "mode": "file", "name": "0003-Androidyouxikaifaxitongkongjian-ProgressBar.md"}, {"path": "android/0003-yonghujiemian/0013-AndroidyonghujiemianzhiProgressBar(jindutiao)/0004-fenxiangAndroiddiProgressBar.md", "rname": "0004-\u5206\u4eabAndroid\u7684ProgressBar.md", "mtime": 1426853756.0, "mode": "file", "name": "0004-fenxiangAndroiddiProgressBar.md"}, {"path": "android/0003-yonghujiemian/0013-AndroidyonghujiemianzhiProgressBar(jindutiao)/0005-AndroidzaiJavadaimazhongshezhistyleshuxing-shiyongdaimachuangjianProgressBarduixiang.md", "rname": "0005-Android\u5728Java\u4ee3\u7801\u4e2d\u8bbe\u7f6estyle\u5c5e\u6027-\u4f7f\u7528\u4ee3\u7801\u521b\u5efaProgressBar\u5bf9\u8c61.md", "mtime": 1424935125.0, "mode": "file", "name": "0005-AndroidzaiJavadaimazhongshezhistyleshuxing-shiyongdaimachuangjianProgressBarduixiang.md"}, {"path": "android/0003-yonghujiemian/0013-AndroidyonghujiemianzhiProgressBar(jindutiao)/0006-jiandanshixianzidingyijindutiao(buyongProgressBar).md", "rname": "0006-\u7b80\u5355\u5b9e\u73b0\u81ea\u5b9a\u4e49\u8fdb\u5ea6\u6761(\u4e0d\u7528ProgressBar).md", "mtime": 1426853777.0, "mode": "file", "name": "0006-jiandanshixianzidingyijindutiao(buyongProgressBar).md"}, {"path": "android/0003-yonghujiemian/0013-AndroidyonghujiemianzhiProgressBar(jindutiao)/0007-Android biaotilanProgressBarshili.md", "rname": "0007-Android \u6807\u9898\u680fProgressBar\u5b9e\u4f8b.md", "mtime": 1424835166.0, "mode": "file", "name": "0007-Android biaotilanProgressBarshili.md"}, {"path": "android/0003-yonghujiemian/0013-AndroidyonghujiemianzhiProgressBar(jindutiao)/0008-AndroidyuanxingjindutiaoProgressBaryanseshezhi.md", "rname": "0008-Android\u5706\u5f62\u8fdb\u5ea6\u6761ProgressBar\u989c\u8272\u8bbe\u7f6e.md", "mtime": 1424835166.0, "mode": "file", "name": "0008-AndroidyuanxingjindutiaoProgressBaryanseshezhi.md"}, {"path": "android/0003-yonghujiemian/0013-AndroidyonghujiemianzhiProgressBar(jindutiao)/0009-guanyushixianleisiyuyuanxingProgressBardibofangjindutiao.md", "rname": "0009-\u5173\u4e8e\u5b9e\u73b0\u7c7b\u4f3c\u4e8e\u5706\u5f62ProgressBar\u7684\u64ad\u653e\u8fdb\u5ea6\u6761.md", "mtime": 1426853793.0, "mode": "file", "name": "0009-guanyushixianleisiyuyuanxingProgressBardibofangjindutiao.md"}, {"path": "android/0003-yonghujiemian/0013-AndroidyonghujiemianzhiProgressBar(jindutiao)/0010-zaiProgressBarshangjiawenzi-xianshibaifenbidijindutiao.md", "rname": "0010-\u5728ProgressBar\u4e0a\u52a0\u6587\u5b57-\u663e\u793a\u767e\u5206\u6bd4\u7684\u8fdb\u5ea6\u6761.md", "mtime": 1426853842.0, "mode": "file", "name": "0010-zaiProgressBarshangjiawenzi-xianshibaifenbidijindutiao.md"}, {"path": "android/0003-yonghujiemian/0013-AndroidyonghujiemianzhiProgressBar(jindutiao)/0011-AndroidkongjianTextProgressBarjindutiaoshangxianwenzi.md", "rname": "0011-Android\u63a7\u4ef6TextProgressBar\u8fdb\u5ea6\u6761\u4e0a\u663e\u6587\u5b57.md", "mtime": 1424835166.0, "mode": "file", "name": "0011-AndroidkongjianTextProgressBarjindutiaoshangxianwenzi.md"}, {"path": "android/0003-yonghujiemian/0013-AndroidyonghujiemianzhiProgressBar(jindutiao)/0012-Androidzidingyijindutiao-daiwenben(wenzijindu)dishuipingjindutiao(ProgressBar).md", "rname": "0012-Android\u81ea\u5b9a\u4e49\u8fdb\u5ea6\u6761-\u5e26\u6587\u672c(\u6587\u5b57\u8fdb\u5ea6)\u7684\u6c34\u5e73\u8fdb\u5ea6\u6761(ProgressBar).md", "mtime": 1424935124.0, "mode": "file", "name": "0012-Androidzidingyijindutiao-daiwenben(wenzijindu)dishuipingjindutiao(ProgressBar).md"}, {"path": "android/0003-yonghujiemian/0013-AndroidyonghujiemianzhiProgressBar(jindutiao)/0013-[jindutiaohejiemiantiaozhuandishixian].md", "rname": "0013-[\u8fdb\u5ea6\u6761\u548c\u754c\u9762\u8df3\u8f6c\u7684\u5b9e\u73b0].md", "mtime": 1426853836.0, "mode": "file", "name": "0013-[jindutiaohejiemiantiaozhuandishixian].md"}], "rname": "0013-Android\u7528\u6237\u754c\u9762\u4e4bProgressBar(\u8fdb\u5ea6\u6761)", "name": "0013-AndroidyonghujiemianzhiProgressBar(jindutiao)", "mode": "tree", "mtime": 1424866980.0, "path": "android/0003-yonghujiemian/0013-AndroidyonghujiemianzhiProgressBar(jindutiao)"}