{"files": [{"path": "android/0001-Androidjichu/0001-kaifajichu/0000-Androidgaishu.md", "rname": "0000-Android\u6982\u8ff0.md", "mtime": 1450026099.0, "mode": "file", "name": "0000-Androidgaishu.md"}, {"path": "android/0001-Androidjichu/0001-kaifajichu/0001-Androidjiagou.md", "rname": "0001-Android\u67b6\u6784.md", "mtime": 1450026099.0, "mode": "file", "name": "0001-Androidjiagou.md"}, {"path": "android/0001-Androidjichu/0001-kaifajichu/0002-Linuxjianjie.md", "rname": "0002-Linux\u7b80\u4ecb.md", "mtime": 1450026099.0, "mode": "file", "name": "0002-Linuxjianjie.md"}, {"path": "android/0001-Androidjichu/0001-kaifajichu/0003-Androidzhongdiku.md", "rname": "0003-Android\u4e2d\u7684\u5e93.md", "mtime": 1452601959.0, "mode": "file", "name": "0003-Androidzhongdiku.md"}, {"path": "android/0001-Androidjichu/0001-kaifajichu/0004-Android Apkwenjianjiegoujianjie.md", "rname": "0004-Android Apk\u6587\u4ef6\u7ed3\u6784\u7b80\u4ecb.md", "mtime": 1450026099.0, "mode": "file", "name": "0004-Android Apkwenjianjiegoujianjie.md"}, {"path": "android/0001-Androidjichu/0001-kaifajichu/0005-Android SDK muluhezuoyongxiangjie.md", "rname": "0005-Android SDK \u76ee\u5f55\u548c\u4f5c\u7528\u8be6\u89e3.md", "mtime": 1450026099.0, "mode": "file", "name": "0005-Android SDK muluhezuoyongxiangjie.md"}, {"path": "android/0001-Androidjichu/0001-kaifajichu/0006-Android SDKzhongtoolsxiangjie.md", "rname": "0006-Android SDK\u4e2dtools\u8be6\u89e3.md", "mtime": 1450026099.0, "mode": "file", "name": "0006-Android SDKzhongtoolsxiangjie.md"}, {"path": "android/0001-Androidjichu/0001-kaifajichu/0007-Android wenjianleixingheMIMEdipipeibiao.md", "rname": "0007-Android \u6587\u4ef6\u7c7b\u578b\u548cMIME\u7684\u5339\u914d\u8868.md", "mtime": 1450026099.0, "mode": "file", "name": "0007-Android wenjianleixingheMIMEdipipeibiao.md"}, {"path": "android/0001-Androidjichu/0001-kaifajichu/0008-Androidshoujimoshixiangjie.md", "rname": "0008-Android\u624b\u673a\u6a21\u5f0f\u8be6\u89e3.md", "mtime": 1450026099.0, "mode": "file", "name": "0008-Androidshoujimoshixiangjie.md"}, {"path": "android/0001-Androidjichu/0001-kaifajichu/0009-Dalvikxunijijianjie.md", "rname": "0009-Dalvik\u865a\u62df\u673a\u7b80\u4ecb.md", "mtime": 1452601750.0, "mode": "file", "name": "0009-Dalvikxunijijianjie.md"}], "rname": "0001-\u5f00\u53d1\u57fa\u7840", "name": "0001-kaifajichu", "mode": "tree", "mtime": 1450026099.0, "path": "android/0001-Androidjichu/0001-kaifajichu"}