{"files": [{"path": "android/0001-Androidjichu/0008-Logcat(rizhi)/0000-Logtuwenxiangjie(Log.v,Log.d,Log.i,Log.w,Log.e).md", "rname": "0000-Log\u56fe\u6587\u8be6\u89e3(Log.v,Log.d,Log.i,Log.w,Log.e).md", "mtime": 1450026099.0, "mode": "file", "name": "0000-Logtuwenxiangjie(Log.v,Log.d,Log.i,Log.w,Log.e).md"}, {"path": "android/0001-Androidjichu/0008-Logcat(rizhi)/0001-AndroiddiLogCatdishiyong.md", "rname": "0001-Android\u7684LogCat\u7684\u4f7f\u7528.md", "mtime": 1450026099.0, "mode": "file", "name": "0001-AndroiddiLogCatdishiyong.md"}, {"path": "android/0001-Androidjichu/0008-Logcat(rizhi)/0002-Androiddishengchengrizhiwenjian.md", "rname": "0002-Android\u7684\u751f\u6210\u65e5\u5fd7\u6587\u4ef6.md", "mtime": 1450026099.0, "mode": "file", "name": "0002-Androiddishengchengrizhiwenjian.md"}], "rname": "0008-Logcat(\u65e5\u5fd7)", "name": "0008-Logcat(rizhi)", "mode": "tree", "mtime": 1450026099.0, "path": "android/0001-Androidjichu/0008-Logcat(rizhi)"}