{"files": [{"path": "android/0003-yonghujiemian/0016-AndroidyonghujiemianzhiGallery(changlangshitu)/0000-Androidkaifazhigallery(hualang).md", "rname": "0000-Android\u5f00\u53d1\u4e4bgallery(\u753b\u5eca).md", "mtime": 1450026099.0, "mode": "file", "name": "0000-Androidkaifazhigallery(hualang).md"}, {"path": "android/0003-yonghujiemian/0016-AndroidyonghujiemianzhiGallery(changlangshitu)/0001-AndroidkongjianGallery.md", "rname": "0001-Android\u63a7\u4ef6Gallery.md", "mtime": 1450026099.0, "mode": "file", "name": "0001-AndroidkongjianGallery.md"}, {"path": "android/0003-yonghujiemian/0016-AndroidyonghujiemianzhiGallery(changlangshitu)/0002-Android-UIpian-Gallery(hualangshitu).md", "rname": "0002-Android-UI\u7bc7-Gallery(\u753b\u5eca\u89c6\u56fe).md", "mtime": 1450026099.0, "mode": "file", "name": "0002-Android-UIpian-Gallery(hualangshitu).md"}, {"path": "android/0003-yonghujiemian/0016-AndroidyonghujiemianzhiGallery(changlangshitu)/0003-Android Gallerydixuexixinde.md", "rname": "0003-Android Gallery\u7684\u5b66\u4e60\u5fc3\u5f97.md", "mtime": 1450026099.0, "mode": "file", "name": "0003-Android Gallerydixuexixinde.md"}, {"path": "android/0003-yonghujiemian/0016-AndroidyonghujiemianzhiGallery(changlangshitu)/0004-Android Galleryzujianxiangjie.md", "rname": "0004-Android Gallery\u7ec4\u4ef6\u8be6\u89e3.md", "mtime": 1450026099.0, "mode": "file", "name": "0004-Android Galleryzujianxiangjie.md"}, {"path": "android/0003-yonghujiemian/0016-AndroidyonghujiemianzhiGallery(changlangshitu)/0005-Android Gallerykongjianshiyongfangfaxiangjie.md", "rname": "0005-Android Gallery\u63a7\u4ef6\u4f7f\u7528\u65b9\u6cd5\u8be6\u89e3.md", "mtime": 1450026099.0, "mode": "file", "name": "0005-Android Gallerykongjianshiyongfangfaxiangjie.md"}, {"path": "android/0003-yonghujiemian/0016-AndroidyonghujiemianzhiGallery(changlangshitu)/0006-Android Gallerydijiandanyingyong.md", "rname": "0006-Android Gallery\u7684\u7b80\u5355\u5e94\u7528.md", "mtime": 1450026099.0, "mode": "file", "name": "0006-Android Gallerydijiandanyingyong.md"}, {"path": "android/0003-yonghujiemian/0016-AndroidyonghujiemianzhiGallery(changlangshitu)/0007-Android GalleryyuyanshengBaseAdapterquanmianjiangjie.md", "rname": "0007-Android Gallery\u4e0e\u884d\u751fBaseAdapter\u5168\u9762\u8bb2\u89e3.md", "mtime": 1450026099.0, "mode": "file", "name": "0007-Android GalleryyuyanshengBaseAdapterquanmianjiangjie.md"}, {"path": "android/0003-yonghujiemian/0016-AndroidyonghujiemianzhiGallery(changlangshitu)/0008-AndroidduiGalleryditanjiu.md", "rname": "0008-Android\u5bf9Gallery\u7684\u63a2\u7a76.md", "mtime": 1450026099.0, "mode": "file", "name": "0008-AndroidduiGalleryditanjiu.md"}, {"path": "android/0003-yonghujiemian/0016-AndroidyonghujiemianzhiGallery(changlangshitu)/0009-Gallery3Dbiji.md", "rname": "0009-Gallery3D\u7b14\u8bb0.md", "mtime": 1450026099.0, "mode": "file", "name": "0009-Gallery3Dbiji.md"}, {"path": "android/0003-yonghujiemian/0016-AndroidyonghujiemianzhiGallery(changlangshitu)/0010-Gallery3Dgegejiemianfanweisuanfa.md", "rname": "0010-Gallery3D\u5404\u4e2a\u754c\u9762\u8303\u56f4\u7b97\u6cd5.md", "mtime": 1450026099.0, "mode": "file", "name": "0010-Gallery3Dgegejiemianfanweisuanfa.md"}, {"path": "android/0003-yonghujiemian/0016-AndroidyonghujiemianzhiGallery(changlangshitu)/0011-Android-Gallery 3Dshili.md", "rname": "0011-Android-Gallery 3D\u5b9e\u4f8b.md", "mtime": 1450026099.0, "mode": "file", "name": "0011-Android-Gallery 3Dshili.md"}, {"path": "android/0003-yonghujiemian/0016-AndroidyonghujiemianzhiGallery(changlangshitu)/0012-Android Gallery3Dyuanmafenxi(yi).md", "rname": "0012-Android Gallery3D\u6e90\u7801\u5206\u6790(\u4e00).md", "mtime": 1450026099.0, "mode": "file", "name": "0012-Android Gallery3Dyuanmafenxi(yi).md"}, {"path": "android/0003-yonghujiemian/0016-AndroidyonghujiemianzhiGallery(changlangshitu)/0013-Android Gallery3Dyuanmafenxi(er).md", "rname": "0013-Android Gallery3D\u6e90\u7801\u5206\u6790(\u4e8c).md", "mtime": 1450026099.0, "mode": "file", "name": "0013-Android Gallery3Dyuanmafenxi(er).md"}, {"path": "android/0003-yonghujiemian/0016-AndroidyonghujiemianzhiGallery(changlangshitu)/0014-Android Gallery3Dxiaoguojiaocheng.md", "rname": "0014-Android Gallery3D\u6548\u679c\u6559\u7a0b.md", "mtime": 1450026099.0, "mode": "file", "name": "0014-Android Gallery3Dxiaoguojiaocheng.md"}, {"path": "android/0003-yonghujiemian/0016-AndroidyonghujiemianzhiGallery(changlangshitu)/0015-Android Gallery.layoutParamsfangfaxuexi.md", "rname": "0015-Android Gallery.layoutParams\u65b9\u6cd5\u5b66\u4e60.md", "mtime": 1450026099.0, "mode": "file", "name": "0015-Android Gallery.layoutParamsfangfaxuexi.md"}, {"path": "android/0003-yonghujiemian/0016-AndroidyonghujiemianzhiGallery(changlangshitu)/0016-Android kongjianzhiGallerytupianji.md", "rname": "0016-Android \u63a7\u4ef6\u4e4bGallery\u56fe\u7247\u96c6.md", "mtime": 1450026099.0, "mode": "file", "name": "0016-Android kongjianzhiGallerytupianji.md"}, {"path": "android/0003-yonghujiemian/0016-AndroidyonghujiemianzhiGallery(changlangshitu)/0017-AndroidkongjianzhiGalleryshixiantupianliebiao.md", "rname": "0017-Android\u63a7\u4ef6\u4e4bGallery\u5b9e\u73b0\u56fe\u7247\u5217\u8868.md", "mtime": 1450026099.0, "mode": "file", "name": "0017-AndroidkongjianzhiGalleryshixiantupianliebiao.md"}, {"path": "android/0003-yonghujiemian/0016-AndroidyonghujiemianzhiGallery(changlangshitu)/0018-Android Galleryshixiantupiandizuoyouxunhuanxuanzhuanyuanma.md", "rname": "0018-Android Gallery\u5b9e\u73b0\u56fe\u7247\u7684\u5de6\u53f3\u5faa\u73af\u65cb\u8f6c\u6e90\u7801.md", "mtime": 1450026099.0, "mode": "file", "name": "0018-Android Galleryshixiantupiandizuoyouxunhuanxuanzhuanyuanma.md"}, {"path": "android/0003-yonghujiemian/0016-AndroidyonghujiemianzhiGallery(changlangshitu)/0019-Android Galleryshixianyibujiazaiwangluotupian bingzhijiazaidangqiantingzhiyemiantu.md", "rname": "0019-Android Gallery\u5b9e\u73b0\u5f02\u6b65\u52a0\u8f7d\u7f51\u7edc\u56fe\u7247 \u5e76\u53ea\u52a0\u8f7d\u5f53\u524d\u505c\u6b62\u9875\u9762\u56fe.md", "mtime": 1450026099.0, "mode": "file", "name": "0019-Android Galleryshixianyibujiazaiwangluotupian bingzhijiazaidangqiantingzhiyemiantu.md"}, {"path": "android/0003-yonghujiemian/0016-AndroidyonghujiemianzhiGallery(changlangshitu)/0020-AndroidzhongshixianGallerydianjifangda.md", "rname": "0020-Android\u4e2d\u5b9e\u73b0Gallery\u70b9\u51fb\u653e\u5927.md", "mtime": 1450026099.0, "mode": "file", "name": "0020-AndroidzhongshixianGallerydianjifangda.md"}, {"path": "android/0003-yonghujiemian/0016-AndroidyonghujiemianzhiGallery(changlangshitu)/0021-Gallery tupiantuodongxiaoguo.md", "rname": "0021-Gallery \u56fe\u7247\u62d6\u52a8\u6548\u679c.md", "mtime": 1450026099.0, "mode": "file", "name": "0021-Gallery tupiantuodongxiaoguo.md"}, {"path": "android/0003-yonghujiemian/0016-AndroidyonghujiemianzhiGallery(changlangshitu)/0022-Android Gallery + ImageSwitcher.md", "rname": "0022-Android Gallery + ImageSwitcher.md", "mtime": 1450026099.0, "mode": "file", "name": "0022-Android Gallery + ImageSwitcher.md"}, {"path": "android/0003-yonghujiemian/0016-AndroidyonghujiemianzhiGallery(changlangshitu)/0023-AndroidzhongGalleryheImageSwitchertongbuzidong(gundong)bofangtupianku.md", "rname": "0023-Android\u4e2dGallery\u548cImageSwitcher\u540c\u6b65\u81ea\u52a8(\u6eda\u52a8)\u64ad\u653e\u56fe\u7247\u5e93.md", "mtime": 1450026099.0, "mode": "file", "name": "0023-AndroidzhongGalleryheImageSwitchertongbuzidong(gundong)bofangtupianku.md"}, {"path": "android/0003-yonghujiemian/0016-AndroidyonghujiemianzhiGallery(changlangshitu)/0024-jieheImageSwithcerheGallerykongjianzhizuoyigetupianliulan.md", "rname": "0024-\u7ed3\u5408ImageSwithcer\u548cGallery\u63a7\u4ef6\u5236\u4f5c\u4e00\u4e2a\u56fe\u7247\u6d4f\u89c8.md", "mtime": 1450026099.0, "mode": "file", "name": "0024-jieheImageSwithcerheGallerykongjianzhizuoyigetupianliulan.md"}, {"path": "android/0003-yonghujiemian/0016-AndroidyonghujiemianzhiGallery(changlangshitu)/0025-liyongGallerylaishixiansuolvetuliulanqi.md", "rname": "0025-\u5229\u7528Gallery\u6765\u5b9e\u73b0\u7f29\u7565\u56fe\u6d4f\u89c8\u5668.md", "mtime": 1450026099.0, "mode": "file", "name": "0025-liyongGallerylaishixiansuolvetuliulanqi.md"}, {"path": "android/0003-yonghujiemian/0016-AndroidyonghujiemianzhiGallery(changlangshitu)/0026-xiangzuoduiqidiGallery.md", "rname": "0026-\u5411\u5de6\u5bf9\u9f50\u7684Gallery.md", "mtime": 1450026099.0, "mode": "file", "name": "0026-xiangzuoduiqidiGallery.md"}, {"path": "android/0003-yonghujiemian/0016-AndroidyonghujiemianzhiGallery(changlangshitu)/0027-shiyongyuanchengtupiantianchongGallery.md", "rname": "0027-\u4f7f\u7528\u8fdc\u7a0b\u56fe\u7247\u586b\u5145Gallery.md", "mtime": 1450026099.0, "mode": "file", "name": "0027-shiyongyuanchengtupiantianchongGallery.md"}, {"path": "android/0003-yonghujiemian/0016-AndroidyonghujiemianzhiGallery(changlangshitu)/0028-AndroidzidingyiGallery,shixianCoverFlowxiaoguo.md", "rname": "0028-Android\u81ea\u5b9a\u4e49Gallery,\u5b9e\u73b0CoverFlow\u6548\u679c.md", "mtime": 1450026099.0, "mode": "file", "name": "0028-AndroidzidingyiGallery,shixianCoverFlowxiaoguo.md"}, {"path": "android/0003-yonghujiemian/0016-AndroidyonghujiemianzhiGallery(changlangshitu)/0029-shiyongAndroidzidaiGalleryzujianshixianCoverFlow.md", "rname": "0029-\u4f7f\u7528Android\u81ea\u5e26Gallery\u7ec4\u4ef6\u5b9e\u73b0CoverFlow.md", "mtime": 1450026099.0, "mode": "file", "name": "0029-shiyongAndroidzidaiGalleryzujianshixianCoverFlow.md"}, {"path": "android/0003-yonghujiemian/0016-AndroidyonghujiemianzhiGallery(changlangshitu)/0030-guanyuGalleryxianshixiaoguowenti.md", "rname": "0030-\u5173\u4e8eGallery\u663e\u793a\u6548\u679c\u95ee\u9898.md", "mtime": 1450026099.0, "mode": "file", "name": "0030-guanyuGalleryxianshixiaoguowenti.md"}], "rname": "0016-Android\u7528\u6237\u754c\u9762\u4e4bGallery(\u957f\u5eca\u89c6\u56fe)", "name": "0016-AndroidyonghujiemianzhiGallery(changlangshitu)", "mode": "tree", "mtime": 1450026099.0, "path": "android/0003-yonghujiemian/0016-AndroidyonghujiemianzhiGallery(changlangshitu)"}