{"files": [{"path": "android/0001-Androidjichu/0002-kaifahuanjingdajian/0000-huanjingdajianjiHelloWorld.md", "rname": "0000-\u73af\u5883\u642d\u5efa\u53caHelloWorld.md", "mtime": 1440224234.0, "mode": "file", "name": "0000-huanjingdajianjiHelloWorld.md"}, {"path": "android/0001-Androidjichu/0002-kaifahuanjingdajian/0001-HelloWorldxiangmudimulujiegou.md", "rname": "0001-HelloWorld\u9879\u76ee\u7684\u76ee\u5f55\u7ed3\u6784.md", "mtime": 1424934786.0, "mode": "file", "name": "0001-HelloWorldxiangmudimulujiegou.md"}, {"path": "android/0001-Androidjichu/0002-kaifahuanjingdajian/0002-youjianHello World!.md", "rname": "0002-\u53c8\u89c1Hello World!.md", "mtime": 1424934785.0, "mode": "file", "name": "0002-youjianHello World!.md"}, {"path": "android/0001-Androidjichu/0002-kaifahuanjingdajian/0003-shenrufenxibujuwenjian&youshi\"Hello World!\" .md", "rname": "0003-\u6df1\u5165\u5206\u6790\u5e03\u5c40\u6587\u4ef6&\u53c8\u662f\"Hello World!\" .md", "mtime": 1424934784.0, "mode": "file", "name": "0003-shenrufenxibujuwenjian&youshi\"Hello World!\" .md"}], "rname": "0002-\u5f00\u53d1\u73af\u5883\u642d\u5efa", "name": "0002-kaifahuanjingdajian", "mode": "tree", "mtime": 1425316565.0, "path": "android/0001-Androidjichu/0002-kaifahuanjingdajian"}