{"files": [{"path": "android/0002-Androidzujian/0006-AsyncTask/0000-Android qiantanAsyncTask.md", "rname": "0000-Android \u6d45\u8c08AsyncTask.md", "mtime": 1424835166.0, "mode": "file", "name": "0000-Android qiantanAsyncTask.md"}, {"path": "android/0002-Androidzujian/0006-AsyncTask/0001-AsyncTaskzaiAndroidzhongdishixian.md", "rname": "0001-AsyncTask\u5728Android\u4e2d\u7684\u5b9e\u73b0.md", "mtime": 1424835166.0, "mode": "file", "name": "0001-AsyncTaskzaiAndroidzhongdishixian.md"}, {"path": "android/0002-Androidzujian/0006-AsyncTask/0002-AsyncTaskjidianyaozhuyididifang.md", "rname": "0002-AsyncTask\u51e0\u70b9\u8981\u6ce8\u610f\u7684\u5730\u65b9.md", "mtime": 1424835166.0, "mode": "file", "name": "0002-AsyncTaskjidianyaozhuyididifang.md"}, {"path": "android/0002-Androidzujian/0006-AsyncTask/0003-AsyncTaskdaitiHandlergenggaizhuxianchengUIxianshi.md", "rname": "0003-AsyncTask\u4ee3\u66ffHandler\u66f4\u6539\u4e3b\u7ebf\u7a0bUI\u663e\u793a.md", "mtime": 1425022681.0, "mode": "file", "name": "0003-AsyncTaskdaitiHandlergenggaizhuxianchengUIxianshi.md"}, {"path": "android/0002-Androidzujian/0006-AsyncTask/0004-shilijiangjieAndroidzhongruheshixiantupiandiyibujiazaigongneng.md", "rname": "0004-\u5b9e\u4f8b\u8bb2\u89e3Android\u4e2d\u5982\u4f55\u5b9e\u73b0\u56fe\u7247\u7684\u5f02\u6b65\u52a0\u8f7d\u529f\u80fd.md", "mtime": 1424835166.0, "mode": "file", "name": "0004-shilijiangjieAndroidzhongruheshixiantupiandiyibujiazaigongneng.md"}, {"path": "android/0002-Androidzujian/0006-AsyncTask/0005-yigeyiburenwuAsyncTaskdilizi.md", "rname": "0005-\u4e00\u4e2a\u5f02\u6b65\u4efb\u52a1AsyncTask\u7684\u4f8b\u5b50.md", "mtime": 1424934908.0, "mode": "file", "name": "0005-yigeyiburenwuAsyncTaskdilizi.md"}], "rname": "0006-AsyncTask", "name": "0006-AsyncTask", "mode": "tree", "mtime": 1424835142.0, "path": "android/0002-Androidzujian/0006-AsyncTask"}