{"files": [{"path": "android/0001-Androidjichu/0006-ADB/0000-Android ADBjieshao.md", "rname": "0000-Android ADB\u4ecb\u7ecd.md", "mtime": 1450026099.0, "mode": "file", "name": "0000-Android ADBjieshao.md"}, {"path": "android/0001-Androidjichu/0006-ADB/0001-ADB zhilingdaquan.md", "rname": "0001-ADB \u6307\u4ee4\u5927\u5168.md", "mtime": 1450026099.0, "mode": "file", "name": "0001-ADB zhilingdaquan.md"}, {"path": "android/0001-Androidjichu/0006-ADB/0002-Android shenruyanjiuadb(yi).md", "rname": "0002-Android \u6df1\u5165\u7814\u7a76adb(\u4e00).md", "mtime": 1450026099.0, "mode": "file", "name": "0002-Android shenruyanjiuadb(yi).md"}, {"path": "android/0001-Androidjichu/0006-ADB/0003-Android shenruyanjiuadb(er).md", "rname": "0003-Android \u6df1\u5165\u7814\u7a76adb(\u4e8c).md", "mtime": 1450026099.0, "mode": "file", "name": "0003-Android shenruyanjiuadb(er).md"}, {"path": "android/0001-Androidjichu/0006-ADB/0004-Android shenruyanjiuadb(san).md", "rname": "0004-Android \u6df1\u5165\u7814\u7a76adb(\u4e09).md", "mtime": 1450026099.0, "mode": "file", "name": "0004-Android shenruyanjiuadb(san).md"}, {"path": "android/0001-Androidjichu/0006-ADB/0005-Android shenruyanjiuadb(si).md", "rname": "0005-Android \u6df1\u5165\u7814\u7a76adb(\u56db).md", "mtime": 1450026099.0, "mode": "file", "name": "0005-Android shenruyanjiuadb(si).md"}, {"path": "android/0001-Androidjichu/0006-ADB/0006-Android Debug Bridgecaozuominglingxiangjie.md", "rname": "0006-Android Debug Bridge\u64cd\u4f5c\u547d\u4ee4\u8be6\u89e3.md", "mtime": 1450026099.0, "mode": "file", "name": "0006-Android Debug Bridgecaozuominglingxiangjie.md"}], "rname": "0006-ADB", "name": "0006-ADB", "mode": "tree", "mtime": 1450026099.0, "path": "android/0001-Androidjichu/0006-ADB"}