{"files": [{"path": "android/0001-Androidjichu/0004-Resource/0000-Android Resourcejieshaoheshiyong.md", "rname": "0000-Android Resource\u4ecb\u7ecd\u548c\u4f7f\u7528.md", "mtime": 1424835166.0, "mode": "file", "name": "0000-Android Resourcejieshaoheshiyong.md"}, {"path": "android/0001-Androidjichu/0004-Resource/0001-Resource Types.md", "rname": "0001-Resource Types.md", "mtime": 1424835166.0, "mode": "file", "name": "0001-Resource Types.md"}], "rname": "0004-Resource", "name": "0004-Resource", "mode": "tree", "mtime": 1424835142.0, "path": "android/0001-Androidjichu/0004-Resource"}