{"files": [{"path": "android/0003-yonghujiemian/0014-AndroidyonghujiemianzhiCheckbox(fuxuankuang)/0000-AndroidzhongdiCheckBox.md", "rname": "0000-Android\u4e2d\u7684CheckBox.md", "mtime": 1429078335.0, "mode": "file", "name": "0000-AndroidzhongdiCheckBox.md"}, {"path": "android/0003-yonghujiemian/0014-AndroidyonghujiemianzhiCheckbox(fuxuankuang)/0001-Android-UIpian-CheckBox(duoxuananniu).md", "rname": "0001-Android-UI\u7bc7-CheckBox(\u591a\u9009\u6309\u94ae).md", "mtime": 1429078400.0, "mode": "file", "name": "0001-Android-UIpian-CheckBox(duoxuananniu).md"}, {"path": "android/0003-yonghujiemian/0014-AndroidyonghujiemianzhiCheckbox(fuxuankuang)/0002-Android CheckBoxshili(yi).md", "rname": "0002-Android CheckBox\u5b9e\u4f8b(\u4e00).md", "mtime": 1424835166.0, "mode": "file", "name": "0002-Android CheckBoxshili(yi).md"}, {"path": "android/0003-yonghujiemian/0014-AndroidyonghujiemianzhiCheckbox(fuxuankuang)/0003-Android CheckBoxshili(er).md", "rname": "0003-Android CheckBox\u5b9e\u4f8b(\u4e8c).md", "mtime": 1424935124.0, "mode": "file", "name": "0003-Android CheckBoxshili(er).md"}, {"path": "android/0003-yonghujiemian/0014-AndroidyonghujiemianzhiCheckbox(fuxuankuang)/0004-Android CheckBoxPreferenceyongfa.md", "rname": "0004-Android CheckBoxPreference\u7528\u6cd5.md", "mtime": 1429078431.0, "mode": "file", "name": "0004-Android CheckBoxPreferenceyongfa.md"}, {"path": "android/0003-yonghujiemian/0014-AndroidyonghujiemianzhiCheckbox(fuxuankuang)/0005-Android ListViewjiaruCheckBox.md", "rname": "0005-Android ListView\u52a0\u5165CheckBox.md", "mtime": 1424835166.0, "mode": "file", "name": "0005-Android ListViewjiaruCheckBox.md"}, {"path": "android/0003-yonghujiemian/0014-AndroidyonghujiemianzhiCheckbox(fuxuankuang)/0006-Android ListViewzhongCheckBoxdidianjishijian.md", "rname": "0006-Android ListView\u4e2dCheckBox\u7684\u70b9\u51fb\u4e8b\u4ef6.md", "mtime": 1424835166.0, "mode": "file", "name": "0006-Android ListViewzhongCheckBoxdidianjishijian.md"}, {"path": "android/0003-yonghujiemian/0014-AndroidyonghujiemianzhiCheckbox(fuxuankuang)/0007-AndroidzhongListViewjieheCheckBoxpanduanxuanzhongxiang.md", "rname": "0007-Android\u4e2dListView\u7ed3\u5408CheckBox\u5224\u65ad\u9009\u4e2d\u9879.md", "mtime": 1429078473.0, "mode": "file", "name": "0007-AndroidzhongListViewjieheCheckBoxpanduanxuanzhongxiang.md"}, {"path": "android/0003-yonghujiemian/0014-AndroidyonghujiemianzhiCheckbox(fuxuankuang)/0008-jiyuListViewheCheckBoxshixianduoxuanhequanxuanjiludigongneng.md", "rname": "0008-\u57fa\u4e8eListView\u548cCheckBox\u5b9e\u73b0\u591a\u9009\u548c\u5168\u9009\u8bb0\u5f55\u7684\u529f\u80fd.md", "mtime": 1429078491.0, "mode": "file", "name": "0008-jiyuListViewheCheckBoxshixianduoxuanhequanxuanjiludigongneng.md"}, {"path": "android/0003-yonghujiemian/0014-AndroidyonghujiemianzhiCheckbox(fuxuankuang)/0009-wanmeijiejueAndroidzailistviewtianjiacheckboxshixiandanxuanduoxuancaozuowenti.md", "rname": "0009-\u5b8c\u7f8e\u89e3\u51b3Android\u5728listview\u6dfb\u52a0checkbox\u5b9e\u73b0\u5355\u9009\u591a\u9009\u64cd\u4f5c\u95ee\u9898.md", "mtime": 1429078560.0, "mode": "file", "name": "0009-wanmeijiejueAndroidzailistviewtianjiacheckboxshixiandanxuanduoxuancaozuowenti.md"}, {"path": "android/0003-yonghujiemian/0014-AndroidyonghujiemianzhiCheckbox(fuxuankuang)/0010-wanmeijiejueAndroidzailistviewtianjiacheckboxshixian.md", "rname": "0010-\u5b8c\u7f8e\u89e3\u51b3Android\u5728listview\u6dfb\u52a0checkbox\u5b9e\u73b0.md", "mtime": 1429078631.0, "mode": "file", "name": "0010-wanmeijiejueAndroidzailistviewtianjiacheckboxshixian.md"}, {"path": "android/0003-yonghujiemian/0014-AndroidyonghujiemianzhiCheckbox(fuxuankuang)/0011-congxmlzhonggaibiancheckBoxdaxiaohexingzhuang.md", "rname": "0011-\u4ecexml\u4e2d\u6539\u53d8checkBox\u5927\u5c0f\u548c\u5f62\u72b6.md", "mtime": 1424835166.0, "mode": "file", "name": "0011-congxmlzhonggaibiancheckBoxdaxiaohexingzhuang.md"}, {"path": "android/0003-yonghujiemian/0014-AndroidyonghujiemianzhiCheckbox(fuxuankuang)/0012-jieduCheckBox.md", "rname": "0012-\u89e3\u8bfbCheckBox.md", "mtime": 1424835166.0, "mode": "file", "name": "0012-jieduCheckBox.md"}, {"path": "android/0003-yonghujiemian/0014-AndroidyonghujiemianzhiCheckbox(fuxuankuang)/0013-Androidyouxikaifaxitongkongjian.md", "rname": "0013-Android\u6e38\u620f\u5f00\u53d1\u7cfb\u7edf\u63a7\u4ef6.md", "mtime": 1429078600.0, "mode": "file", "name": "0013-Androidyouxikaifaxitongkongjian.md"}], "rname": "0014-Android\u7528\u6237\u754c\u9762\u4e4bCheckbox(\u590d\u9009\u6846)", "name": "0014-AndroidyonghujiemianzhiCheckbox(fuxuankuang)", "mode": "tree", "mtime": 1424866980.0, "path": "android/0003-yonghujiemian/0014-AndroidyonghujiemianzhiCheckbox(fuxuankuang)"}