{"files": [{"path": "android/0002-Androidzujian/0005-BroadcastReceiver/0000-BroadcastReceiverjianjie.md", "rname": "0000-BroadcastReceiver\u7b80\u4ecb.md", "mtime": 1450026099.0, "mode": "file", "name": "0000-BroadcastReceiverjianjie.md"}, {"path": "android/0002-Androidzujian/0005-BroadcastReceiver/0001-BroadcastReceiverxuexi .md", "rname": "0001-BroadcastReceiver\u5b66\u4e60 .md", "mtime": 1450026099.0, "mode": "file", "name": "0001-BroadcastReceiverxuexi .md"}, {"path": "android/0002-Androidzujian/0005-BroadcastReceiver/0002-BroadcastReceivershengmingzhouqijiliangzhongyingyong.md", "rname": "0002-BroadcastReceiver\u751f\u547d\u5468\u671f\u53ca\u4e24\u79cd\u5e94\u7528.md", "mtime": 1450026099.0, "mode": "file", "name": "0002-BroadcastReceivershengmingzhouqijiliangzhongyingyong.md"}, {"path": "android/0002-Androidzujian/0005-BroadcastReceiver/0003-AndroidzhongBroadCastReceivershiyong.md", "rname": "0003-Android\u4e2dBroadCastReceiver\u4f7f\u7528.md", "mtime": 1450026099.0, "mode": "file", "name": "0003-AndroidzhongBroadCastReceivershiyong.md"}, {"path": "android/0002-Androidzujian/0005-BroadcastReceiver/0004-BroadcastReceiver xiaoxiguangboxiangjie-jiandanjiankongbodadianhua.md", "rname": "0004-BroadcastReceiver \u6d88\u606f\u5e7f\u64ad\u8be6\u89e3-\u7b80\u5355\u76d1\u63a7\u62e8\u6253\u7535\u8bdd.md", "mtime": 1450026099.0, "mode": "file", "name": "0004-BroadcastReceiver xiaoxiguangboxiangjie-jiandanjiankongbodadianhua.md"}, {"path": "android/0002-Androidzujian/0005-BroadcastReceiver/0005-tongguoBroadcastReceiverlanjieduanxin.md", "rname": "0005-\u901a\u8fc7BroadcastReceiver\u62e6\u622a\u77ed\u4fe1.md", "mtime": 1450026099.0, "mode": "file", "name": "0005-tongguoBroadcastReceiverlanjieduanxin.md"}], "rname": "0005-BroadcastReceiver", "name": "0005-BroadcastReceiver", "mode": "tree", "mtime": 1450026099.0, "path": "android/0002-Androidzujian/0005-BroadcastReceiver"}