{"files": [{"path": "android/0001-Androidjichu/0010-wenjianchuli/0000-Androidsiyouwenjianjiawenjiandixieruyuduqu.md", "rname": "0000-Android\u79c1\u6709\u6587\u4ef6\u5939\u6587\u4ef6\u7684\u5199\u5165\u4e0e\u8bfb\u53d6.md", "mtime": 1424934335.0, "mode": "file", "name": "0000-Androidsiyouwenjianjiawenjiandixieruyuduqu.md"}, {"path": "android/0001-Androidjichu/0010-wenjianchuli/0001-Androidzhongassetwenjianjiaherawwenjianjiaqubie.md", "rname": "0001-Android\u4e2dasset\u6587\u4ef6\u5939\u548craw\u6587\u4ef6\u5939\u533a\u522b.md", "mtime": 1424835166.0, "mode": "file", "name": "0001-Androidzhongassetwenjianjiaherawwenjianjiaqubie.md"}, {"path": "android/0001-Androidjichu/0010-wenjianchuli/0002-wenjianchuangjian.md", "rname": "0002-\u6587\u4ef6\u521b\u5efa.md", "mtime": 1424934783.0, "mode": "file", "name": "0002-wenjianchuangjian.md"}, {"path": "android/0001-Androidjichu/0010-wenjianchuli/0003-shanchuwenjianlidineirong.md", "rname": "0003-\u5220\u9664\u6587\u4ef6\u91cc\u7684\u5185\u5bb9.md", "mtime": 1424934782.0, "mode": "file", "name": "0003-shanchuwenjianlidineirong.md"}], "rname": "0010-\u6587\u4ef6\u5904\u7406", "name": "0010-wenjianchuli", "mode": "tree", "mtime": 1424835142.0, "path": "android/0001-Androidjichu/0010-wenjianchuli"}