{"files": [{"path": "android/0003-yonghujiemian/0003-AndroidyonghujiemianzhiTextView(wenbenshitu)/0000-Android shuoshuoTextView.md", "rname": "0000-Android \u8bf4\u8bf4TextView.md", "mtime": 1450026099.0, "mode": "file", "name": "0000-Android shuoshuoTextView.md"}, {"path": "android/0003-yonghujiemian/0003-AndroidyonghujiemianzhiTextView(wenbenshitu)/0001-Android TextViewshuxingxiangjie.md", "rname": "0001-Android TextView\u5c5e\u6027\u8be6\u89e3.md", "mtime": 1450026099.0, "mode": "file", "name": "0001-Android TextViewshuxingxiangjie.md"}, {"path": "android/0003-yonghujiemian/0003-AndroidyonghujiemianzhiTextView(wenbenshitu)/0002-TextViewdishiyong.md", "rname": "0002-TextView\u7684\u4f7f\u7528.md", "mtime": 1450026099.0, "mode": "file", "name": "0002-TextViewdishiyong.md"}, {"path": "android/0003-yonghujiemian/0003-AndroidyonghujiemianzhiTextView(wenbenshitu)/0003-Android shezhiTextViewdichaolianjie.md", "rname": "0003-Android \u8bbe\u7f6eTextView\u7684\u8d85\u94fe\u63a5.md", "mtime": 1450026099.0, "mode": "file", "name": "0003-Android shezhiTextViewdichaolianjie.md"}, {"path": "android/0003-yonghujiemian/0003-AndroidyonghujiemianzhiTextView(wenbenshitu)/0004-shixianyigeTextView.md", "rname": "0004-\u5b9e\u73b0\u4e00\u4e2aTextView.md", "mtime": 1450026099.0, "mode": "file", "name": "0004-shixianyigeTextView.md"}, {"path": "android/0003-yonghujiemian/0003-AndroidyonghujiemianzhiTextView(wenbenshitu)/0005-TextViewxianshihtmlwenjianzhongditupian.md", "rname": "0005-TextView\u663e\u793ahtml\u6587\u4ef6\u4e2d\u7684\u56fe\u7247.md", "mtime": 1450026099.0, "mode": "file", "name": "0005-TextViewxianshihtmlwenjianzhongditupian.md"}, {"path": "android/0003-yonghujiemian/0003-AndroidyonghujiemianzhiTextView(wenbenshitu)/0006-benlizishixianyigexianchengbuduangengxinTextViewdineirong.md", "rname": "0006-\u672c\u4f8b\u5b50\u5b9e\u73b0\u4e00\u4e2a\u7ebf\u7a0b\u4e0d\u65ad\u66f4\u65b0TextView\u7684\u5185\u5bb9.md", "mtime": 1450026099.0, "mode": "file", "name": "0006-benlizishixianyigexianchengbuduangengxinTextViewdineirong.md"}, {"path": "android/0003-yonghujiemian/0003-AndroidyonghujiemianzhiTextView(wenbenshitu)/0007-TextViewbuyonghuoqujiaodianyenengshixianpaomadeng.md", "rname": "0007-TextView\u4e0d\u7528\u83b7\u53d6\u7126\u70b9\u4e5f\u80fd\u5b9e\u73b0\u8dd1\u9a6c\u706f.md", "mtime": 1450026099.0, "mode": "file", "name": "0007-TextViewbuyonghuoqujiaodianyenengshixianpaomadeng.md"}, {"path": "android/0003-yonghujiemian/0003-AndroidyonghujiemianzhiTextView(wenbenshitu)/0008-Android TextView chuizhizidonggundong .md", "rname": "0008-Android TextView \u5782\u76f4\u81ea\u52a8\u6eda\u52a8 .md", "mtime": 1450026099.0, "mode": "file", "name": "0008-Android TextView chuizhizidonggundong .md"}], "rname": "0003-Android\u7528\u6237\u754c\u9762\u4e4bTextView(\u6587\u672c\u89c6\u56fe)", "name": "0003-AndroidyonghujiemianzhiTextView(wenbenshitu)", "mode": "tree", "mtime": 1450026099.0, "path": "android/0003-yonghujiemian/0003-AndroidyonghujiemianzhiTextView(wenbenshitu)"}