{"files": [{"path": "android/0002-Androidzujian/0002-Intent/0000-IntentsheIntent Filters(lilunbufen).md", "rname": "0000-Intents\u548cIntent Filters(\u7406\u8bba\u90e8\u5206).md", "mtime": 1450026099.0, "mode": "file", "name": "0000-IntentsheIntent Filters(lilunbufen).md"}, {"path": "android/0002-Androidzujian/0002-Intent/0001-IntentsheIntent Filters(shilibufen).md", "rname": "0001-Intents\u548cIntent Filters(\u5b9e\u4f8b\u90e8\u5206).md", "mtime": 1450026099.0, "mode": "file", "name": "0001-IntentsheIntent Filters(shilibufen).md"}, {"path": "android/0002-Androidzujian/0002-Intent/0002-Android IntentheIntent Filterxiangjie(yi).md", "rname": "0002-Android Intent\u548cIntent Filter\u8be6\u89e3(\u4e00).md", "mtime": 1450026099.0, "mode": "file", "name": "0002-Android IntentheIntent Filterxiangjie(yi).md"}, {"path": "android/0002-Androidzujian/0002-Intent/0003-Android IntentheIntent Filterxiangjie(er).md", "rname": "0003-Android Intent\u548cIntent Filter\u8be6\u89e3(\u4e8c).md", "mtime": 1450026099.0, "mode": "file", "name": "0003-Android IntentheIntent Filterxiangjie(er).md"}, {"path": "android/0002-Androidzujian/0002-Intent/0004-Android IntentheIntent Filterxiangjie(san).md", "rname": "0004-Android Intent\u548cIntent Filter\u8be6\u89e3(\u4e09).md", "mtime": 1450026099.0, "mode": "file", "name": "0004-Android IntentheIntent Filterxiangjie(san).md"}, {"path": "android/0002-Androidzujian/0002-Intent/0005-Android IntentheIntent Filterxiangjie(si).md", "rname": "0005-Android Intent\u548cIntent Filter\u8be6\u89e3(\u56db).md", "mtime": 1450026099.0, "mode": "file", "name": "0005-Android IntentheIntent Filterxiangjie(si).md"}, {"path": "android/0002-Androidzujian/0002-Intent/0006-Android IntentheIntent Filterxiangjie(wu).md", "rname": "0006-Android Intent\u548cIntent Filter\u8be6\u89e3(\u4e94).md", "mtime": 1450026099.0, "mode": "file", "name": "0006-Android IntentheIntent Filterxiangjie(wu).md"}, {"path": "android/0002-Androidzujian/0002-Intent/0007-Android IntentheBundlejizhishilixiangjie.md", "rname": "0007-Android Intent\u548cBundle\u673a\u5236\u5b9e\u4f8b\u8be6\u89e3.md", "mtime": 1450026099.0, "mode": "file", "name": "0007-Android IntentheBundlejizhishilixiangjie.md"}, {"path": "android/0002-Androidzujian/0002-Intent/0008-Android Intentdijizhongyongfaquanmianzongjie.md", "rname": "0008-Android Intent\u7684\u51e0\u79cd\u7528\u6cd5\u5168\u9762\u603b\u7ed3.md", "mtime": 1450026099.0, "mode": "file", "name": "0008-Android Intentdijizhongyongfaquanmianzongjie.md"}, {"path": "android/0002-Androidzujian/0002-Intent/0009-AndroidzhongIntentzhongruhechuandiduixiang.md", "rname": "0009-Android\u4e2dIntent\u4e2d\u5982\u4f55\u4f20\u9012\u5bf9\u8c61.md", "mtime": 1450026099.0, "mode": "file", "name": "0009-AndroidzhongIntentzhongruhechuandiduixiang.md"}, {"path": "android/0002-Androidzujian/0002-Intent/0010-ruhetiaoyongGoogle Web Search?.md", "rname": "0010-\u5982\u4f55\u8c03\u7528Google Web Search?.md", "mtime": 1450026099.0, "mode": "file", "name": "0010-ruhetiaoyongGoogle Web Search?.md"}], "rname": "0002-Intent", "name": "0002-Intent", "mode": "tree", "mtime": 1450026099.0, "path": "android/0002-Androidzujian/0002-Intent"}