{"files": [{"path": "android/0003-yonghujiemian/0002-AndroidyonghujiemianzhiLayout(buju)/0000-Android jichubujujieshao.md", "rname": "0000-Android \u57fa\u7840\u5e03\u5c40\u4ecb\u7ecd.md", "mtime": 1450026099.0, "mode": "file", "name": "0000-Android jichubujujieshao.md"}, {"path": "android/0003-yonghujiemian/0002-AndroidyonghujiemianzhiLayout(buju)/0001-Android kaifazhilv viewdijizhongbujufangshijishijian.md", "rname": "0001-Android \u5f00\u53d1\u4e4b\u65c5 view\u7684\u51e0\u79cd\u5e03\u5c40\u65b9\u5f0f\u53ca\u5b9e\u8df5.md", "mtime": 1450026099.0, "mode": "file", "name": "0001-Android kaifazhilv viewdijizhongbujufangshijishijian.md"}, {"path": "android/0003-yonghujiemian/0002-AndroidyonghujiemianzhiLayout(buju)/0002-Android Layoutgezhongbuju.md", "rname": "0002-Android Layout\u5404\u79cd\u5e03\u5c40.md", "mtime": 1450026099.0, "mode": "file", "name": "0002-Android Layoutgezhongbuju.md"}, {"path": "android/0003-yonghujiemian/0002-AndroidyonghujiemianzhiLayout(buju)/0003-Android bujuqianxi.md", "rname": "0003-Android \u5e03\u5c40\u6d45\u6790.md", "mtime": 1450026099.0, "mode": "file", "name": "0003-Android bujuqianxi.md"}, {"path": "android/0003-yonghujiemian/0002-AndroidyonghujiemianzhiLayout(buju)/0004-Android FrameLayouhebujuyouhua(yi).md", "rname": "0004-Android FrameLayou\u548c\u5e03\u5c40\u4f18\u5316(\u4e00).md", "mtime": 1450026099.0, "mode": "file", "name": "0004-Android FrameLayouhebujuyouhua(yi).md"}, {"path": "android/0003-yonghujiemian/0002-AndroidyonghujiemianzhiLayout(buju)/0005-Android FrameLayouhebujuyouhua(er).md", "rname": "0005-Android FrameLayou\u548c\u5e03\u5c40\u4f18\u5316(\u4e8c).md", "mtime": 1450026099.0, "mode": "file", "name": "0005-Android FrameLayouhebujuyouhua(er).md"}, {"path": "android/0003-yonghujiemian/0002-AndroidyonghujiemianzhiLayout(buju)/0006-AndroidzhiAndroidbujuguanli LinerLayoutxianxingbuju.md", "rname": "0006-Android\u4e4bAndroid\u5e03\u5c40\u7ba1\u7406 LinerLayout\u7ebf\u6027\u5e03\u5c40.md", "mtime": 1450026099.0, "mode": "file", "name": "0006-AndroidzhiAndroidbujuguanli LinerLayoutxianxingbuju.md"}, {"path": "android/0003-yonghujiemian/0002-AndroidyonghujiemianzhiLayout(buju)/0007-AndroidbujuzhiLinearLayout,layout_weighthenyouyong.md", "rname": "0007-Android\u5e03\u5c40\u4e4bLinearLayout,layout_weight\u5f88\u6709\u7528.md", "mtime": 1450026099.0, "mode": "file", "name": "0007-AndroidbujuzhiLinearLayout,layout_weighthenyouyong.md"}, {"path": "android/0003-yonghujiemian/0002-AndroidyonghujiemianzhiLayout(buju)/0008-Android henxuandixianxingbuju.md", "rname": "0008-Android \u5f88\u70ab\u7684\u7ebf\u6027\u5e03\u5c40.md", "mtime": 1450026099.0, "mode": "file", "name": "0008-Android henxuandixianxingbuju.md"}, {"path": "android/0003-yonghujiemian/0002-AndroidyonghujiemianzhiLayout(buju)/0009-Android zuobiaobujuAbsoluteLayout.md", "rname": "0009-Android \u5750\u6807\u5e03\u5c40AbsoluteLayout.md", "mtime": 1450026099.0, "mode": "file", "name": "0009-Android zuobiaobujuAbsoluteLayout.md"}, {"path": "android/0003-yonghujiemian/0002-AndroidyonghujiemianzhiLayout(buju)/0010-Android-UIpianRelativeLayout(xiangduibuju).md", "rname": "0010-Android-UI\u7bc7RelativeLayout(\u76f8\u5bf9\u5e03\u5c40).md", "mtime": 1450026099.0, "mode": "file", "name": "0010-Android-UIpianRelativeLayout(xiangduibuju).md"}, {"path": "android/0003-yonghujiemian/0002-AndroidyonghujiemianzhiLayout(buju)/0011-Relative Layout zhongyongdaodiyixieshuxing.md", "rname": "0011-Relative Layout \u4e2d\u7528\u5230\u7684\u4e00\u4e9b\u5c5e\u6027.md", "mtime": 1450026099.0, "mode": "file", "name": "0011-Relative Layout zhongyongdaodiyixieshuxing.md"}, {"path": "android/0003-yonghujiemian/0002-AndroidyonghujiemianzhiLayout(buju)/0012-Android biaogebuju(Table Layout).md", "rname": "0012-Android \u8868\u683c\u5e03\u5c40(Table Layout).md", "mtime": 1450026099.0, "mode": "file", "name": "0012-Android biaogebuju(Table Layout).md"}, {"path": "android/0003-yonghujiemian/0002-AndroidyonghujiemianzhiLayout(buju)/0013-Android Tab Layout(xuanxiangqiabuju)(yi).md", "rname": "0013-Android Tab Layout(\u9009\u9879\u5361\u5e03\u5c40)(\u4e00).md", "mtime": 1450026099.0, "mode": "file", "name": "0013-Android Tab Layout(xuanxiangqiabuju)(yi).md"}, {"path": "android/0003-yonghujiemian/0002-AndroidyonghujiemianzhiLayout(buju)/0014-Android Tab Layout(xuanxiangqiabuju)(er).md", "rname": "0014-Android Tab Layout(\u9009\u9879\u5361\u5e03\u5c40)(\u4e8c).md", "mtime": 1450026099.0, "mode": "file", "name": "0014-Android Tab Layout(xuanxiangqiabuju)(er).md"}, {"path": "android/0003-yonghujiemian/0002-AndroidyonghujiemianzhiLayout(buju)/0015-Android shenruyanjiuLayoutjizhi.md", "rname": "0015-Android \u6df1\u5165\u7814\u7a76Layout\u673a\u5236.md", "mtime": 1450026099.0, "mode": "file", "name": "0015-Android shenruyanjiuLayoutjizhi.md"}, {"path": "android/0003-yonghujiemian/0002-AndroidyonghujiemianzhiLayout(buju)/0016-shuoshuoWindowManager.LayoutParamslei(yi).md", "rname": "0016-\u8bf4\u8bf4WindowManager.LayoutParams\u7c7b(\u4e00).md", "mtime": 1450026099.0, "mode": "file", "name": "0016-shuoshuoWindowManager.LayoutParamslei(yi).md"}, {"path": "android/0003-yonghujiemian/0002-AndroidyonghujiemianzhiLayout(buju)/0017-shuoshuoWindowManager.LayoutParamslei(er).md", "rname": "0017-\u8bf4\u8bf4WindowManager.LayoutParams\u7c7b(\u4e8c).md", "mtime": 1450026099.0, "mode": "file", "name": "0017-shuoshuoWindowManager.LayoutParamslei(er).md"}, {"path": "android/0003-yonghujiemian/0002-AndroidyonghujiemianzhiLayout(buju)/0018-shuoshuoWindowManager.LayoutParamslei(san).md", "rname": "0018-\u8bf4\u8bf4WindowManager.LayoutParams\u7c7b(\u4e09).md", "mtime": 1450026099.0, "mode": "file", "name": "0018-shuoshuoWindowManager.LayoutParamslei(san).md"}, {"path": "android/0003-yonghujiemian/0002-AndroidyonghujiemianzhiLayout(buju)/0019-yixiexml layoutzujiandishuoming.md", "rname": "0019-\u4e00\u4e9bxml layout\u7ec4\u4ef6\u7684\u8bf4\u660e.md", "mtime": 1450026099.0, "mode": "file", "name": "0019-yixiexml layoutzujiandishuoming.md"}, {"path": "android/0003-yonghujiemian/0002-AndroidyonghujiemianzhiLayout(buju)/0020-Androidxuexibiji Layout.xmlshuxing.md", "rname": "0020-Android\u5b66\u4e60\u7b14\u8bb0 Layout.xml\u5c5e\u6027.md", "mtime": 1450026099.0, "mode": "file", "name": "0020-Androidxuexibiji Layout.xmlshuxing.md"}, {"path": "android/0003-yonghujiemian/0002-AndroidyonghujiemianzhiLayout(buju)/0021-Android tantangerenguandiandibujusheji.md", "rname": "0021-Android \u8c08\u8c08\u4e2a\u4eba\u89c2\u70b9\u7684\u5e03\u5c40\u8bbe\u8ba1.md", "mtime": 1450026099.0, "mode": "file", "name": "0021-Android tantangerenguandiandibujusheji.md"}, {"path": "android/0003-yonghujiemian/0002-AndroidyonghujiemianzhiLayout(buju)/0022-Androidbujuyouhuadiyaodian.md", "rname": "0022-Android\u5e03\u5c40\u4f18\u5316\u7684\u8981\u70b9.md", "mtime": 1450026099.0, "mode": "file", "name": "0022-Androidbujuyouhuadiyaodian.md"}, {"path": "android/0003-yonghujiemian/0002-AndroidyonghujiemianzhiLayout(buju)/0023-taolunyixiaandroiddizishiyingpingmudibuju(layout)xuanzewenti.md", "rname": "0023-\u8ba8\u8bba\u4e00\u4e0bandroid\u7684\u81ea\u9002\u5e94\u5c4f\u5e55\u7684\u5e03\u5c40(layout)\u9009\u62e9\u95ee\u9898.md", "mtime": 1450026099.0, "mode": "file", "name": "0023-taolunyixiaandroiddizishiyingpingmudibuju(layout)xuanzewenti.md"}], "rname": "0002-Android\u7528\u6237\u754c\u9762\u4e4bLayout(\u5e03\u5c40)", "name": "0002-AndroidyonghujiemianzhiLayout(buju)", "mode": "tree", "mtime": 1450026099.0, "path": "android/0003-yonghujiemian/0002-AndroidyonghujiemianzhiLayout(buju)"}