{"files": [{"path": "android/0003-yonghujiemian/0001-Androidyonghujiemianzhiview(shitu)/0000-AndroidzhongdiView.md", "rname": "0000-Android\u4e2d\u7684View.md", "mtime": 1426509323.0, "mode": "file", "name": "0000-AndroidzhongdiView.md"}, {"path": "android/0003-yonghujiemian/0001-Androidyonghujiemianzhiview(shitu)/0001-Android zidingyiView.md", "rname": "0001-Android \u81ea\u5b9a\u4e49View.md", "mtime": 1424835167.0, "mode": "file", "name": "0001-Android zidingyiView.md"}, {"path": "android/0003-yonghujiemian/0001-Androidyonghujiemianzhiview(shitu)/0002-View-zhiduoshao.md", "rname": "0002-View-\u77e5\u591a\u5c11.md", "mtime": 1424835167.0, "mode": "file", "name": "0002-View-zhiduoshao.md"}, {"path": "android/0003-yonghujiemian/0001-Androidyonghujiemianzhiview(shitu)/0003-Android kaifayouxishiyongnageview.md", "rname": "0003-Android \u5f00\u53d1\u6e38\u620f\u662f\u7528\u54ea\u4e2aview.md", "mtime": 1424835167.0, "mode": "file", "name": "0003-Android kaifayouxishiyongnageview.md"}, {"path": "android/0003-yonghujiemian/0001-Androidyonghujiemianzhiview(shitu)/0004-AndroidzhongViewleidikaifakuangjia.md", "rname": "0004-Android\u4e2dView\u7c7b\u7684\u5f00\u53d1\u6846\u67b6.md", "mtime": 1424935009.0, "mode": "file", "name": "0004-AndroidzhongViewleidikaifakuangjia.md"}, {"path": "android/0003-yonghujiemian/0001-Androidyonghujiemianzhiview(shitu)/0005-Android ViewtianjiaListener.md", "rname": "0005-Android View\u6dfb\u52a0Listener.md", "mtime": 1424835167.0, "mode": "file", "name": "0005-Android ViewtianjiaListener.md"}, {"path": "android/0003-yonghujiemian/0001-Androidyonghujiemianzhiview(shitu)/0006-Android ViewzhongdiClockanli.md", "rname": "0006-Android View\u4e2d\u7684Clock\u6848\u4f8b.md", "mtime": 1426509341.0, "mode": "file", "name": "0006-Android ViewzhongdiClockanli.md"}], "rname": "0001-Android\u7528\u6237\u754c\u9762\u4e4bview(\u89c6\u56fe)", "name": "0001-Androidyonghujiemianzhiview(shitu)", "mode": "tree", "mtime": 1424835143.0, "path": "android/0003-yonghujiemian/0001-Androidyonghujiemianzhiview(shitu)"}