{"files": [{"path": "android/0003-yonghujiemian/0005-AndroidyonghujiemianzhiButton(anniu)/0000-Android jibenanniu.md", "rname": "0000-Android \u57fa\u672c\u6309\u94ae.md", "mtime": 1426510152.0, "mode": "file", "name": "0000-Android jibenanniu.md"}, {"path": "android/0003-yonghujiemian/0005-AndroidyonghujiemianzhiButton(anniu)/0001-Android ImageButton(daitubiaodianniu).md", "rname": "0001-Android ImageButton(\u5e26\u56fe\u6807\u7684\u6309\u94ae).md", "mtime": 1426510173.0, "mode": "file", "name": "0001-Android ImageButton(daitubiaodianniu).md"}, {"path": "android/0003-yonghujiemian/0005-AndroidyonghujiemianzhiButton(anniu)/0002-Android changanbuttonshijian.md", "rname": "0002-Android \u957f\u6309button\u4e8b\u4ef6.md", "mtime": 1424835166.0, "mode": "file", "name": "0002-Android changanbuttonshijian.md"}, {"path": "android/0003-yonghujiemian/0005-AndroidyonghujiemianzhiButton(anniu)/0003-liyongJavafanshejishuzuzhitongguoanniuguanbiduihuakuang(yi).md", "rname": "0003-\u5229\u7528Java\u53cd\u5c04\u6280\u672f\u963b\u6b62\u901a\u8fc7\u6309\u94ae\u5173\u95ed\u5bf9\u8bdd\u6846(\u4e00).md", "mtime": 1424835166.0, "mode": "file", "name": "0003-liyongJavafanshejishuzuzhitongguoanniuguanbiduihuakuang(yi).md"}, {"path": "android/0003-yonghujiemian/0005-AndroidyonghujiemianzhiButton(anniu)/0004-liyongJavafanshejishuzuzhitongguoanniuguanbiduihuakuang(er).md", "rname": "0004-\u5229\u7528Java\u53cd\u5c04\u6280\u672f\u963b\u6b62\u901a\u8fc7\u6309\u94ae\u5173\u95ed\u5bf9\u8bdd\u6846(\u4e8c).md", "mtime": 1424835166.0, "mode": "file", "name": "0004-liyongJavafanshejishuzuzhitongguoanniuguanbiduihuakuang(er).md"}, {"path": "android/0003-yonghujiemian/0005-AndroidyonghujiemianzhiButton(anniu)/0005-liyongJavafanshejishuzuzhitongguoanniuguanbiduihuakuang(san).md", "rname": "0005-\u5229\u7528Java\u53cd\u5c04\u6280\u672f\u963b\u6b62\u901a\u8fc7\u6309\u94ae\u5173\u95ed\u5bf9\u8bdd\u6846(\u4e09).md", "mtime": 1424835166.0, "mode": "file", "name": "0005-liyongJavafanshejishuzuzhitongguoanniuguanbiduihuakuang(san).md"}, {"path": "android/0003-yonghujiemian/0005-AndroidyonghujiemianzhiButton(anniu)/0006-zhizuozidingyibeijingButtonanniu,zidingyixingzhuangButtondiquangonglve.md", "rname": "0006-\u5236\u4f5c\u81ea\u5b9a\u4e49\u80cc\u666fButton\u6309\u94ae,\u81ea\u5b9a\u4e49\u5f62\u72b6Button\u7684\u5168\u653b\u7565.md", "mtime": 1426510261.0, "mode": "file", "name": "0006-zhizuozidingyibeijingButtonanniu,zidingyixingzhuangButtondiquangonglve.md"}, {"path": "android/0003-yonghujiemian/0005-AndroidyonghujiemianzhiButton(anniu)/0007-Android Buttonyouanxiaxiaoguo.md", "rname": "0007-Android Button\u6709\u6309\u4e0b\u6548\u679c.md", "mtime": 1424835166.0, "mode": "file", "name": "0007-Android Buttonyouanxiaxiaoguo.md"}, {"path": "android/0003-yonghujiemian/0005-AndroidyonghujiemianzhiButton(anniu)/0008-tuodongButtonxianshixiaoguo(wanshanban).md", "rname": "0008-\u62d6\u52a8Button\u663e\u793a\u6548\u679c(\u5b8c\u5584\u7248).md", "mtime": 1426510655.0, "mode": "file", "name": "0008-tuodongButtonxianshixiaoguo(wanshanban).md"}, {"path": "android/0003-yonghujiemian/0005-AndroidyonghujiemianzhiButton(anniu)/0009-zizhihangundonghezuoyouanniudidaohangkongjian.md", "rname": "0009-\u81ea\u5236\u542b\u6eda\u52a8\u548c\u5de6\u53f3\u6309\u94ae\u7684\u5bfc\u822a\u63a7\u4ef6.md", "mtime": 1426510711.0, "mode": "file", "name": "0009-zizhihangundonghezuoyouanniudidaohangkongjian.md"}, {"path": "android/0003-yonghujiemian/0005-AndroidyonghujiemianzhiButton(anniu)/0010-Android juxinganniu.md", "rname": "0010-Android \u77e9\u5f62\u6309\u94ae.md", "mtime": 1424835166.0, "mode": "file", "name": "0010-Android juxinganniu.md"}, {"path": "android/0003-yonghujiemian/0005-AndroidyonghujiemianzhiButton(anniu)/0011-AndroidkongjianzhiZoomButtonsuofanganniu.md", "rname": "0011-Android\u63a7\u4ef6\u4e4bZoomButton\u7f29\u653e\u6309\u94ae.md", "mtime": 1426510732.0, "mode": "file", "name": "0011-AndroidkongjianzhiZoomButtonsuofanganniu.md"}, {"path": "android/0003-yonghujiemian/0005-AndroidyonghujiemianzhiButton(anniu)/0012-Android Buttonmeihuashili.md", "rname": "0012-Android Button\u7f8e\u5316\u5b9e\u4f8b.md", "mtime": 1426510746.0, "mode": "file", "name": "0012-Android Buttonmeihuashili.md"}], "rname": "0005-Android\u7528\u6237\u754c\u9762\u4e4bButton(\u6309\u94ae)", "name": "0005-AndroidyonghujiemianzhiButton(anniu)", "mode": "tree", "mtime": 1424866980.0, "path": "android/0003-yonghujiemian/0005-AndroidyonghujiemianzhiButton(anniu)"}