{"files": [{"path": "android/0001-Androidjichu/0001-kaifajichu", "rname": "0001-\u5f00\u53d1\u57fa\u7840", "mtime": 1424835142.0, "mode": "tree", "name": "0001-kaifajichu"}, {"path": "android/0001-Androidjichu/0002-kaifahuanjingdajian", "rname": "0002-\u5f00\u53d1\u73af\u5883\u642d\u5efa", "mtime": 1425316565.0, "mode": "tree", "name": "0002-kaifahuanjingdajian"}, {"path": "android/0001-Androidjichu/0003-moniqi", "rname": "0003-\u6a21\u62df\u5668", "mtime": 1424835142.0, "mode": "tree", "name": "0003-moniqi"}, {"path": "android/0001-Androidjichu/0004-Resource", "rname": "0004-Resource", "mtime": 1424835142.0, "mode": "tree", "name": "0004-Resource"}, {"path": "android/0001-Androidjichu/0005-Manifest", "rname": "0005-Manifest", "mtime": 1424835142.0, "mode": "tree", "name": "0005-Manifest"}, {"path": "android/0001-Androidjichu/0006-ADB", "rname": "0006-ADB", "mtime": 1424866980.0, "mode": "tree", "name": "0006-ADB"}, {"path": "android/0001-Androidjichu/0007-DDMS", "rname": "0007-DDMS", "mtime": 1424835142.0, "mode": "tree", "name": "0007-DDMS"}, {"path": "android/0001-Androidjichu/0008-Logcat(rizhi)", "rname": "0008-Logcat(\u65e5\u5fd7)", "mtime": 1424835142.0, "mode": "tree", "name": "0008-Logcat(rizhi)"}, {"path": "android/0001-Androidjichu/0009-dabao", "rname": "0009-\u6253\u5305", "mtime": 1424835142.0, "mode": "tree", "name": "0009-dabao"}, {"path": "android/0001-Androidjichu/0010-wenjianchuli", "rname": "0010-\u6587\u4ef6\u5904\u7406", "mtime": 1424835142.0, "mode": "tree", "name": "0010-wenjianchuli"}, {"path": "android/0001-Androidjichu/0011-dicengjichu", "rname": "0011-\u5e95\u5c42\u57fa\u7840", "mtime": 1424866980.0, "mode": "tree", "name": "0011-dicengjichu"}], "rname": "0001-Android\u57fa\u7840", "name": "0001-Androidjichu", "mode": "tree", "mtime": 1425199174.0, "path": "android/0001-Androidjichu"}