{"files": [{"path": "android/0001-Androidjichu/0005-Manifest/0000-AndroiddiAndroidManifest.xmlwenjianjieshao.md", "rname": "0000-Android\u7684AndroidManifest.xml\u6587\u4ef6\u4ecb\u7ecd.md", "mtime": 1424835166.0, "mode": "file", "name": "0000-AndroiddiAndroidManifest.xmlwenjianjieshao.md"}, {"path": "android/0001-Androidjichu/0005-Manifest/0001-AndroidManifest.xmlyuansuhanyijieshao.md", "rname": "0001-AndroidManifest.xml\u5143\u7d20\u542b\u4e49\u4ecb\u7ecd.md", "mtime": 1424835166.0, "mode": "file", "name": "0001-AndroidManifest.xmlyuansuhanyijieshao.md"}, {"path": "android/0001-Androidjichu/0005-Manifest/0002-AndroidManifest.xmlwenjianzonghexiangjie.md", "rname": "0002-AndroidManifest.xml\u6587\u4ef6\u7efc\u5408\u8be6\u89e3.md", "mtime": 1424934542.0, "mode": "file", "name": "0002-AndroidManifest.xmlwenjianzonghexiangjie.md"}, {"path": "android/0001-Androidjichu/0005-Manifest/0003-Manifestquanxiandaquan.md", "rname": "0003-Manifest\u6743\u9650\u5927\u5168.md", "mtime": 1424835166.0, "mode": "file", "name": "0003-Manifestquanxiandaquan.md"}, {"path": "android/0001-Androidjichu/0005-Manifest/0004-ManifestwenjianheIntentxiangguan.md", "rname": "0004-Manifest\u6587\u4ef6\u548cIntent\u76f8\u5173.md", "mtime": 1424835166.0, "mode": "file", "name": "0004-ManifestwenjianheIntentxiangguan.md"}, {"path": "android/0001-Androidjichu/0005-Manifest/0005-Android dongtaiguanbiManifestzhongdiReceiverdifangfa.md", "rname": "0005-Android \u52a8\u6001\u5173\u95edManifest\u4e2d\u7684Receiver\u7684\u65b9\u6cd5.md", "mtime": 1424835166.0, "mode": "file", "name": "0005-Android dongtaiguanbiManifestzhongdiReceiverdifangfa.md"}, {"path": "android/0001-Androidjichu/0005-Manifest/0006-Android manifest.xml zhongyuansuhanyi.md", "rname": "0006-Android manifest.xml \u4e2d\u5143\u7d20\u542b\u4e49.md", "mtime": 1424835166.0, "mode": "file", "name": "0006-Android manifest.xml zhongyuansuhanyi.md"}], "rname": "0005-Manifest", "name": "0005-Manifest", "mode": "tree", "mtime": 1424835142.0, "path": "android/0001-Androidjichu/0005-Manifest"}