{"files": [{"path": "android/0003-yonghujiemian/0006-AndroidyonghujiemianzhiDialog(duihuakuang)/0000-AndroidruanjiankaifazhipandiansuoyouDialogduihuakuangdaheji.md", "rname": "0000-Android\u8f6f\u4ef6\u5f00\u53d1\u4e4b\u76d8\u70b9\u6240\u6709Dialog\u5bf9\u8bdd\u6846\u5927\u5408\u96c6.md", "mtime": 1424835166.0, "mode": "file", "name": "0000-AndroidruanjiankaifazhipandiansuoyouDialogduihuakuangdaheji.md"}, {"path": "android/0003-yonghujiemian/0006-AndroidyonghujiemianzhiDialog(duihuakuang)/0001-Android Dialog\u2014zidingyiduihuakuangzhiyi.md", "rname": "0001-Android Dialog\u2014\u81ea\u5b9a\u4e49\u5bf9\u8bdd\u6846\u4e4b\u4e00.md", "mtime": 1424835166.0, "mode": "file", "name": "0001-Android Dialog\u2014zidingyiduihuakuangzhiyi.md"}, {"path": "android/0003-yonghujiemian/0006-AndroidyonghujiemianzhiDialog(duihuakuang)/0002-Android Dialog \u2014duoxuanliebiaoduihuakuang.md", "rname": "0002-Android Dialog \u2014\u591a\u9009\u5217\u8868\u5bf9\u8bdd\u6846.md", "mtime": 1424835166.0, "mode": "file", "name": "0002-Android Dialog \u2014duoxuanliebiaoduihuakuang.md"}, {"path": "android/0003-yonghujiemian/0006-AndroidyonghujiemianzhiDialog(duihuakuang)/0003-Android Dialog \u2014liebiaoxiangdaitubiaodiliebiaoduihuakuang.md", "rname": "0003-Android Dialog \u2014\u5217\u8868\u9879\u5e26\u56fe\u6807\u7684\u5217\u8868\u5bf9\u8bdd\u6846.md", "mtime": 1424835166.0, "mode": "file", "name": "0003-Android Dialog \u2014liebiaoxiangdaitubiaodiliebiaoduihuakuang.md"}, {"path": "android/0003-yonghujiemian/0006-AndroidyonghujiemianzhiDialog(duihuakuang)/0004-Android Dialogxianshituxiang.md", "rname": "0004-Android Dialog\u663e\u793a\u56fe\u50cf.md", "mtime": 1424835166.0, "mode": "file", "name": "0004-Android Dialogxianshituxiang.md"}, {"path": "android/0003-yonghujiemian/0006-AndroidyonghujiemianzhiDialog(duihuakuang)/0005-tongguoThemezidingyiyigeDialog.md", "rname": "0005-\u901a\u8fc7Theme\u81ea\u5b9a\u4e49\u4e00\u4e2aDialog.md", "mtime": 1424835166.0, "mode": "file", "name": "0005-tongguoThemezidingyiyigeDialog.md"}, {"path": "android/0003-yonghujiemian/0006-AndroidyonghujiemianzhiDialog(duihuakuang)/0006-Android dialogquchubiankuangdaima.md", "rname": "0006-Android dialog\u53bb\u9664\u8fb9\u6846\u4ee3\u7801.md", "mtime": 1424835166.0, "mode": "file", "name": "0006-Android dialogquchubiankuangdaima.md"}, {"path": "android/0003-yonghujiemian/0006-AndroidyonghujiemianzhiDialog(duihuakuang)/0007-AlertDialogrumen.md", "rname": "0007-AlertDialog\u5165\u95e8.md", "mtime": 1424835166.0, "mode": "file", "name": "0007-AlertDialogrumen.md"}, {"path": "android/0003-yonghujiemian/0006-AndroidyonghujiemianzhiDialog(duihuakuang)/0008-Android jiandanyingyong-DatePickerDialog.md", "rname": "0008-Android \u7b80\u5355\u5e94\u7528-DatePickerDialog.md", "mtime": 1424835166.0, "mode": "file", "name": "0008-Android jiandanyingyong-DatePickerDialog.md"}, {"path": "android/0003-yonghujiemian/0006-AndroidyonghujiemianzhiDialog(duihuakuang)/0009-Android ProgressDialogzidingyifangfa.md", "rname": "0009-Android ProgressDialog\u81ea\u5b9a\u4e49\u65b9\u6cd5.md", "mtime": 1424835166.0, "mode": "file", "name": "0009-Android ProgressDialogzidingyifangfa.md"}, {"path": "android/0003-yonghujiemian/0006-AndroidyonghujiemianzhiDialog(duihuakuang)/0010-Android Dialogdishiyonglizi(yi).md", "rname": "0010-Android Dialog\u7684\u4f7f\u7528\u4f8b\u5b50(\u4e00).md", "mtime": 1424835166.0, "mode": "file", "name": "0010-Android Dialogdishiyonglizi(yi).md"}, {"path": "android/0003-yonghujiemian/0006-AndroidyonghujiemianzhiDialog(duihuakuang)/0011-Android Dialogdishiyonglizi(er).md", "rname": "0011-Android Dialog\u7684\u4f7f\u7528\u4f8b\u5b50(\u4e8c).md", "mtime": 1424935096.0, "mode": "file", "name": "0011-Android Dialogdishiyonglizi(er).md"}, {"path": "android/0003-yonghujiemian/0006-AndroidyonghujiemianzhiDialog(duihuakuang)/0012-Android Dialogdishiyonglizi(san).md", "rname": "0012-Android Dialog\u7684\u4f7f\u7528\u4f8b\u5b50(\u4e09).md", "mtime": 1424935096.0, "mode": "file", "name": "0012-Android Dialogdishiyonglizi(san).md"}, {"path": "android/0003-yonghujiemian/0006-AndroidyonghujiemianzhiDialog(duihuakuang)/0013-Android 5hangdaima,moshiduihuakuangdixiaoguo.md", "rname": "0013-Android 5\u884c\u4ee3\u7801,\u6a21\u5f0f\u5bf9\u8bdd\u6846\u7684\u6548\u679c.md", "mtime": 1424835166.0, "mode": "file", "name": "0013-Android 5hangdaima,moshiduihuakuangdixiaoguo.md"}, {"path": "android/0003-yonghujiemian/0006-AndroidyonghujiemianzhiDialog(duihuakuang)/0014-moshiduihuakuangDialogbeijingditoumingdu&heiandushezhifangfa.md", "rname": "0014-\u6a21\u5f0f\u5bf9\u8bdd\u6846Dialog\u80cc\u666f\u7684\u900f\u660e\u5ea6&\u9ed1\u6697\u5ea6\u8bbe\u7f6e\u65b9\u6cd5.md", "mtime": 1424835166.0, "mode": "file", "name": "0014-moshiduihuakuangDialogbeijingditoumingdu&heiandushezhifangfa.md"}, {"path": "android/0003-yonghujiemian/0006-AndroidyonghujiemianzhiDialog(duihuakuang)/0015-xuanzhuanpingmuhouDialogxiaoshidijiejuebanfa.md", "rname": "0015-\u65cb\u8f6c\u5c4f\u5e55\u540eDialog\u6d88\u5931\u7684\u89e3\u51b3\u529e\u6cd5.md", "mtime": 1424835166.0, "mode": "file", "name": "0015-xuanzhuanpingmuhouDialogxiaoshidijiejuebanfa.md"}, {"path": "android/0003-yonghujiemian/0006-AndroidyonghujiemianzhiDialog(duihuakuang)/0016-yongdialogshixianleisiToastxiaoguo,changshijianxianshi.md", "rname": "0016-\u7528dialog\u5b9e\u73b0\u7c7b\u4f3cToast\u6548\u679c,\u957f\u65f6\u95f4\u663e\u793a.md", "mtime": 1424835166.0, "mode": "file", "name": "0016-yongdialogshixianleisiToastxiaoguo,changshijianxianshi.md"}], "rname": "0006-Android\u7528\u6237\u754c\u9762\u4e4bDialog(\u5bf9\u8bdd\u6846)", "name": "0006-AndroidyonghujiemianzhiDialog(duihuakuang)", "mode": "tree", "mtime": 1424866980.0, "path": "android/0003-yonghujiemian/0006-AndroidyonghujiemianzhiDialog(duihuakuang)"}