{"files": [{"path": "android/0002-Androidzujian/0009-Permission/0000-Android permission jichuzhishi.md", "rname": "0000-Android permission \u57fa\u7840\u77e5\u8bc6.md", "mtime": 1424835166.0, "mode": "file", "name": "0000-Android permission jichuzhishi.md"}, {"path": "android/0002-Androidzujian/0009-Permission/0001-Android permissiondisigedengji.md", "rname": "0001-Android permission\u7684\u56db\u4e2a\u7b49\u7ea7.md", "mtime": 1424835166.0, "mode": "file", "name": "0001-Android permissiondisigedengji.md"}, {"path": "android/0002-Androidzujian/0009-Permission/0002-Android permission fangwenquanxiandaquan.md", "rname": "0002-Android permission \u8bbf\u95ee\u6743\u9650\u5927\u5168.md", "mtime": 1424835166.0, "mode": "file", "name": "0002-Android permission fangwenquanxiandaquan.md"}, {"path": "android/0002-Androidzujian/0009-Permission/0003-AndroidzhongstartAcitvityzhongdiPermissionjianceyuUIDjizhi.md", "rname": "0003-Android\u4e2dstartAcitvity\u4e2d\u7684Permission\u68c0\u6d4b\u4e0eUID\u673a\u5236.md", "mtime": 1424835166.0, "mode": "file", "name": "0003-AndroidzhongstartAcitvityzhongdiPermissionjianceyuUIDjizhi.md"}], "rname": "0009-Permission", "name": "0009-Permission", "mode": "tree", "mtime": 1424835142.0, "path": "android/0002-Androidzujian/0009-Permission"}