{"files": [{"path": "android/0003-yonghujiemian/0020-AndroidyonghujiemianzhiSpinner/0000-Android Spinnerlizi.md", "rname": "0000-Android Spinner\u4f8b\u5b50.md", "mtime": 1450026099.0, "mode": "file", "name": "0000-Android Spinnerlizi.md"}, {"path": "android/0003-yonghujiemian/0020-AndroidyonghujiemianzhiSpinner/0001-Android Spinnerdiwugebuzhou.md", "rname": "0001-Android Spinner\u7684\u4e94\u4e2a\u6b65\u9aa4.md", "mtime": 1450026099.0, "mode": "file", "name": "0001-Android Spinnerdiwugebuzhou.md"}, {"path": "android/0003-yonghujiemian/0020-AndroidyonghujiemianzhiSpinner/0002-AndroidzhongSpinnerdiyangshi.md", "rname": "0002-Android\u4e2dSpinner\u7684\u6837\u5f0f.md", "mtime": 1450026099.0, "mode": "file", "name": "0002-AndroidzhongSpinnerdiyangshi.md"}, {"path": "android/0003-yonghujiemian/0020-AndroidyonghujiemianzhiSpinner/0003-AndroidzidingyiSpinner(jiashangfooter).md", "rname": "0003-Android\u81ea\u5b9a\u4e49Spinner(\u52a0\u4e0afooter).md", "mtime": 1452601619.0, "mode": "file", "name": "0003-AndroidzidingyiSpinner(jiashangfooter).md"}, {"path": "android/0003-yonghujiemian/0020-AndroidyonghujiemianzhiSpinner/0004-AndroidzidingyiSpinnerxialacaidan(xialaliebiaokuang)yangshi.md", "rname": "0004-Android\u81ea\u5b9a\u4e49Spinner\u4e0b\u62c9\u83dc\u5355(\u4e0b\u62c9\u5217\u8868\u6846)\u6837\u5f0f.md", "mtime": 1450026099.0, "mode": "file", "name": "0004-AndroidzidingyiSpinnerxialacaidan(xialaliebiaokuang)yangshi.md"}, {"path": "android/0003-yonghujiemian/0020-AndroidyonghujiemianzhiSpinner/0005-Android Spinnerxialacaidandishijianchuli.md", "rname": "0005-Android Spinner\u4e0b\u62c9\u83dc\u5355\u7684\u4e8b\u4ef6\u5904\u7406.md", "mtime": 1450026099.0, "mode": "file", "name": "0005-Android Spinnerxialacaidandishijianchuli.md"}, {"path": "android/0003-yonghujiemian/0020-AndroidyonghujiemianzhiSpinner/0006-erjixialacaidan+kuaisusousuo.md", "rname": "0006-\u4e8c\u7ea7\u4e0b\u62c9\u83dc\u5355+\u5feb\u901f\u641c\u7d22.md", "mtime": 1450026099.0, "mode": "file", "name": "0006-erjixialacaidan+kuaisusousuo.md"}], "rname": "0020-Android\u7528\u6237\u754c\u9762\u4e4bSpinner", "name": "0020-AndroidyonghujiemianzhiSpinner", "mode": "tree", "mtime": 1450026099.0, "path": "android/0003-yonghujiemian/0020-AndroidyonghujiemianzhiSpinner"}