{"files": [{"path": "android/0003-yonghujiemian/0018-AndroidyonghujiemianzhiPopupWindow(danchuchuangkou)/0000-Android PopupWindowdishiyong.md", "rname": "0000-Android PopupWindow\u7684\u4f7f\u7528.md", "mtime": 1450026099.0, "mode": "file", "name": "0000-Android PopupWindowdishiyong.md"}, {"path": "android/0003-yonghujiemian/0018-AndroidyonghujiemianzhiPopupWindow(danchuchuangkou)/0001-Android PopUpWindowshiyongshili(yi).md", "rname": "0001-Android PopUpWindow\u4f7f\u7528\u5b9e\u4f8b(\u4e00).md", "mtime": 1450026099.0, "mode": "file", "name": "0001-Android PopUpWindowshiyongshili(yi).md"}, {"path": "android/0003-yonghujiemian/0018-AndroidyonghujiemianzhiPopupWindow(danchuchuangkou)/0002-Android PopUpWindowshiyongshili(er).md", "rname": "0002-Android PopUpWindow\u4f7f\u7528\u5b9e\u4f8b(\u4e8c).md", "mtime": 1450026099.0, "mode": "file", "name": "0002-Android PopUpWindowshiyongshili(er).md"}, {"path": "android/0003-yonghujiemian/0018-AndroidyonghujiemianzhiPopupWindow(danchuchuangkou)/0003-AndroidzhongPopupWindow.md", "rname": "0003-Android\u4e2dPopupWindow.md", "mtime": 1450026099.0, "mode": "file", "name": "0003-AndroidzhongPopupWindow.md"}, {"path": "android/0003-yonghujiemian/0018-AndroidyonghujiemianzhiPopupWindow(danchuchuangkou)/0004-PopupWindowdishiyongfangfa.md", "rname": "0004-PopupWindow\u7684\u4f7f\u7528\u65b9\u6cd5.md", "mtime": 1450026099.0, "mode": "file", "name": "0004-PopupWindowdishiyongfangfa.md"}, {"path": "android/0003-yonghujiemian/0018-AndroidyonghujiemianzhiPopupWindow(danchuchuangkou)/0005-PopupWindowshixiandanchucaidanxiaoguo.md", "rname": "0005-PopupWindow\u5b9e\u73b0\u5f39\u51fa\u83dc\u5355\u6548\u679c.md", "mtime": 1450026099.0, "mode": "file", "name": "0005-PopupWindowshixiandanchucaidanxiaoguo.md"}, {"path": "android/0003-yonghujiemian/0018-AndroidyonghujiemianzhiPopupWindow(danchuchuangkou)/0006-PopupWindowdianjiwaibuquyuxiaoshi.md", "rname": "0006-PopupWindow\u70b9\u51fb\u5916\u90e8\u533a\u57df\u6d88\u5931.md", "mtime": 1450026099.0, "mode": "file", "name": "0006-PopupWindowdianjiwaibuquyuxiaoshi.md"}, {"path": "android/0003-yonghujiemian/0018-AndroidyonghujiemianzhiPopupWindow(danchuchuangkou)/0007-Androidshixianbantoumingdipopupwindowdiyuanma.md", "rname": "0007-Android\u5b9e\u73b0\u534a\u900f\u660e\u7684popupwindow\u7684\u6e90\u7801.md", "mtime": 1450026099.0, "mode": "file", "name": "0007-Androidshixianbantoumingdipopupwindowdiyuanma.md"}], "rname": "0018-Android\u7528\u6237\u754c\u9762\u4e4bPopupWindow(\u5f39\u51fa\u7a97\u53e3)", "name": "0018-AndroidyonghujiemianzhiPopupWindow(danchuchuangkou)", "mode": "tree", "mtime": 1450026099.0, "path": "android/0003-yonghujiemian/0018-AndroidyonghujiemianzhiPopupWindow(danchuchuangkou)"}