{"files": [{"path": "android/0003-yonghujiemian/0019-AndroidyonghujiemianzhiRatingBar(pingfenlan)/0000-Android RatingBar.md", "rname": "0000-Android RatingBar.md", "mtime": 1424835166.0, "mode": "file", "name": "0000-Android RatingBar.md"}, {"path": "android/0003-yonghujiemian/0019-AndroidyonghujiemianzhiRatingBar(pingfenlan)/0001-AndroiddiRatingBarkuozhan.md", "rname": "0001-Android\u7684RatingBar\u6269\u5c55.md", "mtime": 1424835166.0, "mode": "file", "name": "0001-AndroiddiRatingBarkuozhan.md"}, {"path": "android/0003-yonghujiemian/0019-AndroidyonghujiemianzhiRatingBar(pingfenlan)/0002-AndroidzhongRatingBarpingfentiao.md", "rname": "0002-Android\u4e2dRatingBar\u8bc4\u5206\u6761.md", "mtime": 1424835166.0, "mode": "file", "name": "0002-AndroidzhongRatingBarpingfentiao.md"}, {"path": "android/0003-yonghujiemian/0019-AndroidyonghujiemianzhiRatingBar(pingfenlan)/0003-RatingBarshixiandaoyingxiaoguo.md", "rname": "0003-RatingBar\u5b9e\u73b0\u5012\u5f71\u6548\u679c.md", "mtime": 1424835166.0, "mode": "file", "name": "0003-RatingBarshixiandaoyingxiaoguo.md"}, {"path": "android/0003-yonghujiemian/0019-AndroidyonghujiemianzhiRatingBar(pingfenlan)/0004-tupianxiugaizhiRatingBar.md", "rname": "0004-\u56fe\u7247\u4fee\u6539\u4e4bRatingBar.md", "mtime": 1424835166.0, "mode": "file", "name": "0004-tupianxiugaizhiRatingBar.md"}], "rname": "0019-Android\u7528\u6237\u754c\u9762\u4e4bRatingBar(\u8bc4\u5206\u680f)", "name": "0019-AndroidyonghujiemianzhiRatingBar(pingfenlan)", "mode": "tree", "mtime": 1424835143.0, "path": "android/0003-yonghujiemian/0019-AndroidyonghujiemianzhiRatingBar(pingfenlan)"}