{"files": [{"path": "android/0003-yonghujiemian/0009AndroidyonghujiemianzhiMenu(caidan)/0000-Android jichucaidanwenjian.md", "rname": "0000-Android \u57fa\u7840\u83dc\u5355\u6587\u4ef6.md", "mtime": 1452601352.0, "mode": "file", "name": "0000-Android jichucaidanwenjian.md"}, {"path": "android/0003-yonghujiemian/0009AndroidyonghujiemianzhiMenu(caidan)/0001-Android Menulijieyuxiangying.md", "rname": "0001-Android Menu\u7406\u89e3\u4e0e\u54cd\u5e94.md", "mtime": 1450026099.0, "mode": "file", "name": "0001-Android Menulijieyuxiangying.md"}, {"path": "android/0003-yonghujiemian/0009AndroidyonghujiemianzhiMenu(caidan)/0002-Android menucaidanjiandanyunyong.md", "rname": "0002-Android menu\u83dc\u5355\u7b80\u5355\u8fd0\u7528.md", "mtime": 1450026099.0, "mode": "file", "name": "0002-Android menucaidanjiandanyunyong.md"}, {"path": "android/0003-yonghujiemian/0009AndroidyonghujiemianzhiMenu(caidan)/0003-Android XMLzhongzidingyicaidan.md", "rname": "0003-Android XML\u4e2d\u81ea\u5b9a\u4e49\u83dc\u5355.md", "mtime": 1450026099.0, "mode": "file", "name": "0003-Android XMLzhongzidingyicaidan.md"}, {"path": "android/0003-yonghujiemian/0009AndroidyonghujiemianzhiMenu(caidan)/0004-Android duojishuxingcaidandishixian(yi).md", "rname": "0004-Android \u591a\u7ea7\u6811\u5f62\u83dc\u5355\u7684\u5b9e\u73b0(\u4e00).md", "mtime": 1450026099.0, "mode": "file", "name": "0004-Android duojishuxingcaidandishixian(yi).md"}, {"path": "android/0003-yonghujiemian/0009AndroidyonghujiemianzhiMenu(caidan)/0005-Android duojishuxingcaidandishixian(er).md", "rname": "0005-Android \u591a\u7ea7\u6811\u5f62\u83dc\u5355\u7684\u5b9e\u73b0(\u4e8c).md", "mtime": 1450026099.0, "mode": "file", "name": "0005-Android duojishuxingcaidandishixian(er).md"}, {"path": "android/0003-yonghujiemian/0009AndroidyonghujiemianzhiMenu(caidan)/0006-Android duojishuxingcaidandishixian(san).md", "rname": "0006-Android \u591a\u7ea7\u6811\u5f62\u83dc\u5355\u7684\u5b9e\u73b0(\u4e09).md", "mtime": 1450026099.0, "mode": "file", "name": "0006-Android duojishuxingcaidandishixian(san).md"}, {"path": "android/0003-yonghujiemian/0009AndroidyonghujiemianzhiMenu(caidan)/0007-Android duojishuxingcaidandishixian(si).md", "rname": "0007-Android \u591a\u7ea7\u6811\u5f62\u83dc\u5355\u7684\u5b9e\u73b0(\u56db).md", "mtime": 1450026099.0, "mode": "file", "name": "0007-Android duojishuxingcaidandishixian(si).md"}, {"path": "android/0003-yonghujiemian/0009AndroidyonghujiemianzhiMenu(caidan)/0008-Android hanjiancaidan.md", "rname": "0008-Android \u7f55\u89c1\u83dc\u5355.md", "mtime": 1450026099.0, "mode": "file", "name": "0008-Android hanjiancaidan.md"}, {"path": "android/0003-yonghujiemian/0009AndroidyonghujiemianzhiMenu(caidan)/0009-tiantiandongtingbantoumingMenuxiaoguo.md", "rname": "0009-\u5929\u5929\u52a8\u542c\u534a\u900f\u660eMenu\u6548\u679c.md", "mtime": 1450026099.0, "mode": "file", "name": "0009-tiantiandongtingbantoumingMenuxiaoguo.md"}], "rname": "0009Android\u7528\u6237\u754c\u9762\u4e4bMenu(\u83dc\u5355)", "name": "0009AndroidyonghujiemianzhiMenu(caidan)", "mode": "tree", "mtime": 1450026099.0, "path": "android/0003-yonghujiemian/0009AndroidyonghujiemianzhiMenu(caidan)"}