{"files": [{"path": "android/0002-Androidzujian/0001-Activity/0000-yingyongchengxujichujizujian.md", "rname": "0000-\u5e94\u7528\u7a0b\u5e8f\u57fa\u7840\u53ca\u7ec4\u4ef6.md", "mtime": 1425020973.0, "mode": "file", "name": "0000-yingyongchengxujichujizujian.md"}, {"path": "android/0002-Androidzujian/0001-Activity/0001-zujianshengmingzhouqi.md", "rname": "0001-\u7ec4\u4ef6\u751f\u547d\u5468\u671f.md", "mtime": 1425021626.0, "mode": "file", "name": "0001-zujianshengmingzhouqi.md"}, {"path": "android/0002-Androidzujian/0001-Activity/0002-Android activity shengmingzhouqixiangjie.md", "rname": "0002-Android activity \u751f\u547d\u5468\u671f\u8be6\u89e3.md", "mtime": 1425021099.0, "mode": "file", "name": "0002-Android activity shengmingzhouqixiangjie.md"}, {"path": "android/0002-Androidzujian/0001-Activity/0003-rangwomengengjiashenruActivityshengmingzhouqi.md", "rname": "0003-\u8ba9\u6211\u4eec\u66f4\u52a0\u6df1\u5165Activity\u751f\u547d\u5468\u671f.md", "mtime": 1425021272.0, "mode": "file", "name": "0003-rangwomengengjiashenruActivityshengmingzhouqi.md"}, {"path": "android/0002-Androidzujian/0001-Activity/0004-ActivityjianchuandiArrayList.md", "rname": "0004-Activity\u95f4\u4f20\u9012ArrayList.md", "mtime": 1424934916.0, "mode": "file", "name": "0004-ActivityjianchuandiArrayList.md"}, {"path": "android/0002-Androidzujian/0001-Activity/0005-AndroidxuexiStartyActivityForResult.md", "rname": "0005-Android\u5b66\u4e60StartyActivityForResult.md", "mtime": 1425021489.0, "mode": "file", "name": "0005-AndroidxuexiStartyActivityForResult.md"}, {"path": "android/0002-Androidzujian/0001-Activity/0006-AndroidkaifazhiInstanceStatexiangjie.md", "rname": "0006-Android\u5f00\u53d1\u4e4bInstanceState\u8be6\u89e3.md", "mtime": 1425021703.0, "mode": "file", "name": "0006-AndroidkaifazhiInstanceStatexiangjie.md"}, {"path": "android/0002-Androidzujian/0001-Activity/0007-Androidkaifazhilv huodongyurenwu.md", "rname": "0007-Android\u5f00\u53d1\u4e4b\u65c5 \u6d3b\u52a8\u4e0e\u4efb\u52a1.md", "mtime": 1424835166.0, "mode": "file", "name": "0007-Androidkaifazhilv huodongyurenwu.md"}, {"path": "android/0002-Androidzujian/0001-Activity/0008-quanpingheyincangbiaotilandifangfa.md", "rname": "0008-\u5168\u5c4f\u548c\u9690\u85cf\u6807\u9898\u680f\u7684\u65b9\u6cd5.md", "mtime": 1424835166.0, "mode": "file", "name": "0008-quanpingheyincangbiaotilandifangfa.md"}, {"path": "android/0002-Androidzujian/0001-Activity/0009-Android Activity qiehuanshili.md", "rname": "0009-Android Activity \u5207\u6362\u793a\u4f8b.md", "mtime": 1424934915.0, "mode": "file", "name": "0009-Android Activity qiehuanshili.md"}, {"path": "android/0002-Androidzujian/0001-Activity/0010-Android ruanjiandianzhuanghexiezaiyuanmajiexi.md", "rname": "0010-Android \u8f6f\u4ef6\u7684\u5b89\u88c5\u548c\u5378\u8f7d\u6e90\u7801\u89e3\u6790.md", "mtime": 1424835166.0, "mode": "file", "name": "0010-Android ruanjiandianzhuanghexiezaiyuanmajiexi.md"}], "rname": "0001-Activity", "name": "0001-Activity", "mode": "tree", "mtime": 1424866980.0, "path": "android/0002-Androidzujian/0001-Activity"}