{"files": [{"path": "android/0003-yonghujiemian/0022-AndroidyonghujiemianzhiSlidingDrawer(chouti)/0000-Android yongSlidingDrawershixianchoutixiaoguo(yi).md", "rname": "0000-Android \u7528SlidingDrawer\u5b9e\u73b0\u62bd\u5c49\u6548\u679c(\u4e00).md", "mtime": 1450026099.0, "mode": "file", "name": "0000-Android yongSlidingDrawershixianchoutixiaoguo(yi).md"}, {"path": "android/0003-yonghujiemian/0022-AndroidyonghujiemianzhiSlidingDrawer(chouti)/0001-Android yongSlidingDrawershixianchoutixiaoguo(er).md", "rname": "0001-Android \u7528SlidingDrawer\u5b9e\u73b0\u62bd\u5c49\u6548\u679c(\u4e8c).md", "mtime": 1450026099.0, "mode": "file", "name": "0001-Android yongSlidingDrawershixianchoutixiaoguo(er).md"}, {"path": "android/0003-yonghujiemian/0022-AndroidyonghujiemianzhiSlidingDrawer(chouti)/0002-Android yongSlidingDrawershixianchoutixiaoguo(san).md", "rname": "0002-Android \u7528SlidingDrawer\u5b9e\u73b0\u62bd\u5c49\u6548\u679c(\u4e09).md", "mtime": 1450026099.0, "mode": "file", "name": "0002-Android yongSlidingDrawershixianchoutixiaoguo(san).md"}, {"path": "android/0003-yonghujiemian/0022-AndroidyonghujiemianzhiSlidingDrawer(chouti)/0003-Android yongSlidingDrawershixianchoutixiaoguo(si).md", "rname": "0003-Android \u7528SlidingDrawer\u5b9e\u73b0\u62bd\u5c49\u6548\u679c(\u56db).md", "mtime": 1450026099.0, "mode": "file", "name": "0003-Android yongSlidingDrawershixianchoutixiaoguo(si).md"}, {"path": "android/0003-yonghujiemian/0022-AndroidyonghujiemianzhiSlidingDrawer(chouti)/0004-Android Launcherchoutileidishiyong.md", "rname": "0004-Android Launcher\u62bd\u5c49\u7c7b\u7684\u4f7f\u7528.md", "mtime": 1450026099.0, "mode": "file", "name": "0004-Android Launcherchoutileidishiyong.md"}, {"path": "android/0003-yonghujiemian/0022-AndroidyonghujiemianzhiSlidingDrawer(chouti)/0005-Android duofangxiangchouti.md", "rname": "0005-Android \u591a\u65b9\u5411\u62bd\u5c49.md", "mtime": 1450026099.0, "mode": "file", "name": "0005-Android duofangxiangchouti.md"}, {"path": "android/0003-yonghujiemian/0022-AndroidyonghujiemianzhiSlidingDrawer(chouti)/0006-Android zenmoyangshiyongSlidingDrawer.md", "rname": "0006-Android \u600e\u4e48\u6837\u4f7f\u7528SlidingDrawer.md", "mtime": 1450026099.0, "mode": "file", "name": "0006-Android zenmoyangshiyongSlidingDrawer.md"}], "rname": "0022-Android\u7528\u6237\u754c\u9762\u4e4bSlidingDrawer(\u62bd\u5c49)", "name": "0022-AndroidyonghujiemianzhiSlidingDrawer(chouti)", "mode": "tree", "mtime": 1450026099.0, "path": "android/0003-yonghujiemian/0022-AndroidyonghujiemianzhiSlidingDrawer(chouti)"}