{"files": [{"path": "android/0003-yonghujiemian/0015-AndroidyonghujiemianzhiScrollView(gundongshitu)/0000-Android ScrollView(juanzhoushitu).md", "rname": "0000-Android ScrollView(\u5377\u8f74\u89c6\u56fe).md", "mtime": 1450026099.0, "mode": "file", "name": "0000-Android ScrollView(juanzhoushitu).md"}, {"path": "android/0003-yonghujiemian/0015-AndroidyonghujiemianzhiScrollView(gundongshitu)/0001-Android TextViewheScrollView.md", "rname": "0001-Android TextView\u548cScrollView.md", "mtime": 1450026099.0, "mode": "file", "name": "0001-Android TextViewheScrollView.md"}, {"path": "android/0003-yonghujiemian/0015-AndroidyonghujiemianzhiScrollView(gundongshitu)/0002-Android ScrollViewshixiangundongxianshi.md", "rname": "0002-Android ScrollView\u5b9e\u73b0\u6eda\u52a8\u663e\u793a.md", "mtime": 1450026099.0, "mode": "file", "name": "0002-Android ScrollViewshixiangundongxianshi.md"}, {"path": "android/0003-yonghujiemian/0015-AndroidyonghujiemianzhiScrollView(gundongshitu)/0003-Android huadongjiazaishuju.md", "rname": "0003-Android \u6ed1\u52a8\u52a0\u8f7d\u6570\u636e.md", "mtime": 1450026099.0, "mode": "file", "name": "0003-Android huadongjiazaishuju.md"}, {"path": "android/0003-yonghujiemian/0015-AndroidyonghujiemianzhiScrollView(gundongshitu)/0004-Android zuoyouhuadongkongjian(yi).md", "rname": "0004-Android \u5de6\u53f3\u6ed1\u52a8\u63a7\u4ef6(\u4e00).md", "mtime": 1450026099.0, "mode": "file", "name": "0004-Android zuoyouhuadongkongjian(yi).md"}, {"path": "android/0003-yonghujiemian/0015-AndroidyonghujiemianzhiScrollView(gundongshitu)/0005-Android zuoyouhuadongkongjian(er).md", "rname": "0005-Android \u5de6\u53f3\u6ed1\u52a8\u63a7\u4ef6(\u4e8c).md", "mtime": 1450026099.0, "mode": "file", "name": "0005-Android zuoyouhuadongkongjian(er).md"}, {"path": "android/0003-yonghujiemian/0015-AndroidyonghujiemianzhiScrollView(gundongshitu)/0006-Android zuoyouhuadongkongjian(san).md", "rname": "0006-Android \u5de6\u53f3\u6ed1\u52a8\u63a7\u4ef6(\u4e09).md", "mtime": 1450026099.0, "mode": "file", "name": "0006-Android zuoyouhuadongkongjian(san).md"}, {"path": "android/0003-yonghujiemian/0015-AndroidyonghujiemianzhiScrollView(gundongshitu)/0007-Android ScrollViewjieheanlixiangjie.md", "rname": "0007-Android ScrollView\u7ed3\u5408\u6848\u4f8b\u8be6\u89e3.md", "mtime": 1450026099.0, "mode": "file", "name": "0007-Android ScrollViewjieheanlixiangjie.md"}, {"path": "android/0003-yonghujiemian/0015-AndroidyonghujiemianzhiScrollView(gundongshitu)/0008-AndroidjiejueListViewheScrollViewgongcunchongtudiwenti.md", "rname": "0008-Android\u89e3\u51b3ListView\u548cScrollView\u5171\u5b58\u51b2\u7a81\u7684\u95ee\u9898.md", "mtime": 1450026099.0, "mode": "file", "name": "0008-AndroidjiejueListViewheScrollViewgongcunchongtudiwenti.md"}, {"path": "android/0003-yonghujiemian/0015-AndroidyonghujiemianzhiScrollView(gundongshitu)/0009-Android shurukuangyuwenbenkuangdaigundongtiaoScrollView.md", "rname": "0009-Android \u8f93\u5165\u6846\u4e0e\u6587\u672c\u6846\u5e26\u6eda\u52a8\u6761ScrollView.md", "mtime": 1450026099.0, "mode": "file", "name": "0009-Android shurukuangyuwenbenkuangdaigundongtiaoScrollView.md"}, {"path": "android/0003-yonghujiemian/0015-AndroidyonghujiemianzhiScrollView(gundongshitu)/0010-Android zidingyiFastScroller.md", "rname": "0010-Android \u81ea\u5b9a\u4e49FastScroller.md", "mtime": 1450026099.0, "mode": "file", "name": "0010-Android zidingyiFastScroller.md"}, {"path": "android/0003-yonghujiemian/0015-AndroidyonghujiemianzhiScrollView(gundongshitu)/0011-AndroidkongzhiScrollViewhuadongsuduanli.md", "rname": "0011-Android\u63a7\u5236ScrollView\u6ed1\u52a8\u901f\u5ea6\u6848\u4f8b.md", "mtime": 1450026099.0, "mode": "file", "name": "0011-AndroidkongzhiScrollViewhuadongsuduanli.md"}, {"path": "android/0003-yonghujiemian/0015-AndroidyonghujiemianzhiScrollView(gundongshitu)/0012-AndroidzhongScrollView-gundongtiaokongjian.md", "rname": "0012-Android\u4e2dScrollView-\u6eda\u52a8\u6761\u63a7\u4ef6.md", "mtime": 1450026099.0, "mode": "file", "name": "0012-AndroidzhongScrollView-gundongtiaokongjian.md"}, {"path": "android/0003-yonghujiemian/0015-AndroidyonghujiemianzhiScrollView(gundongshitu)/0013-ScrollViewdangxianshichaochudangqianyemianshizidongyidongdaozuididuan.md", "rname": "0013-ScrollView\u5f53\u663e\u793a\u8d85\u51fa\u5f53\u524d\u9875\u9762\u65f6\u81ea\u52a8\u79fb\u52a8\u5230\u6700\u5e95\u7aef.md", "mtime": 1450026099.0, "mode": "file", "name": "0013-ScrollViewdangxianshichaochudangqianyemianshizidongyidongdaozuididuan.md"}, {"path": "android/0003-yonghujiemian/0015-AndroidyonghujiemianzhiScrollView(gundongshitu)/0014-ScrollViewfandanxiaoguodishixian.md", "rname": "0014-ScrollView\u53cd\u5f39\u6548\u679c\u7684\u5b9e\u73b0.md", "mtime": 1450026099.0, "mode": "file", "name": "0014-ScrollViewfandanxiaoguodishixian.md"}, {"path": "android/0003-yonghujiemian/0015-AndroidyonghujiemianzhiScrollView(gundongshitu)/0015-ScrollViewjinyonggundongshixianfangan.md", "rname": "0015-ScrollView\u7981\u7528\u6eda\u52a8\u5b9e\u73b0\u65b9\u6848.md", "mtime": 1450026099.0, "mode": "file", "name": "0015-ScrollViewjinyonggundongshixianfangan.md"}, {"path": "android/0003-yonghujiemian/0015-AndroidyonghujiemianzhiScrollView(gundongshitu)/0016-danxingScrollview,kexialashuaxin.md", "rname": "0016-\u5f39\u6027Scrollview,\u53ef\u4e0b\u62c9\u5237\u65b0.md", "mtime": 1450026099.0, "mode": "file", "name": "0016-danxingScrollview,kexialashuaxin.md"}, {"path": "android/0003-yonghujiemian/0015-AndroidyonghujiemianzhiScrollView(gundongshitu)/0017-dongtaigenggaiScrollViewxianshiliaotianneirong.md", "rname": "0017-\u52a8\u6001\u66f4\u6539ScrollView\u663e\u793a\u804a\u5929\u5185\u5bb9.md", "mtime": 1450026099.0, "mode": "file", "name": "0017-dongtaigenggaiScrollViewxianshiliaotianneirong.md"}, {"path": "android/0003-yonghujiemian/0015-AndroidyonghujiemianzhiScrollView(gundongshitu)/0018-jiantingScrollViewgundongshijian.md", "rname": "0018-\u76d1\u542cScrollView\u6eda\u52a8\u4e8b\u4ef6.md", "mtime": 1450026099.0, "mode": "file", "name": "0018-jiantingScrollViewgundongshijian.md"}, {"path": "android/0003-yonghujiemian/0015-AndroidyonghujiemianzhiScrollView(gundongshitu)/0019-jiaonizenmoyangpanduanscrollviewshifouhuadongdaodibu.md", "rname": "0019-\u6559\u4f60\u600e\u4e48\u6837\u5224\u65adscrollview\u662f\u5426\u6ed1\u52a8\u5230\u5e95\u90e8.md", "mtime": 1450026099.0, "mode": "file", "name": "0019-jiaonizenmoyangpanduanscrollviewshifouhuadongdaodibu.md"}, {"path": "android/0003-yonghujiemian/0015-AndroidyonghujiemianzhiScrollView(gundongshitu)/0020-jiejueScrollViewqiantaoGridViewhuozheListViewchongtudiwenti.md", "rname": "0020-\u89e3\u51b3ScrollView\u5d4c\u5957GridView\u6216\u8005ListView\u51b2\u7a81\u7684\u95ee\u9898.md", "mtime": 1450026099.0, "mode": "file", "name": "0020-jiejueScrollViewqiantaoGridViewhuozheListViewchongtudiwenti.md"}, {"path": "android/0003-yonghujiemian/0015-AndroidyonghujiemianzhiScrollView(gundongshitu)/0021-shezhiScrollViewgundongtiaodiyanse.md", "rname": "0021-\u8bbe\u7f6eScrollView\u6eda\u52a8\u6761\u7684\u989c\u8272.md", "mtime": 1450026099.0, "mode": "file", "name": "0021-shezhiScrollViewgundongtiaodiyanse.md"}, {"path": "android/0003-yonghujiemian/0015-AndroidyonghujiemianzhiScrollView(gundongshitu)/0022-shiyongScrollViewshixiangundongxiaoguo.md", "rname": "0022-\u4f7f\u7528ScrollView\u5b9e\u73b0\u6eda\u52a8\u6548\u679c.md", "mtime": 1450026099.0, "mode": "file", "name": "0022-shiyongScrollViewshixiangundongxiaoguo.md"}, {"path": "android/0003-yonghujiemian/0015-AndroidyonghujiemianzhiScrollView(gundongshitu)/0023-zaiScrollViewtianjiayigeListViewzaochengdigundongwentidijiandanjiejuebanfa.md", "rname": "0023-\u5728ScrollView\u6dfb\u52a0\u4e00\u4e2aListView\u9020\u6210\u7684\u6eda\u52a8\u95ee\u9898\u7684\u7b80\u5355\u89e3\u51b3\u529e\u6cd5.md", "mtime": 1450026099.0, "mode": "file", "name": "0023-zaiScrollViewtianjiayigeListViewzaochengdigundongwentidijiandanjiejuebanfa.md"}, {"path": "android/0003-yonghujiemian/0015-AndroidyonghujiemianzhiScrollView(gundongshitu)/0024-zidingyiScrollView,yijiejueviewflipperyuscrollviewdishoushichongtu.md", "rname": "0024-\u81ea\u5b9a\u4e49ScrollView,\u4ee5\u89e3\u51b3viewflipper\u4e0escrollview\u7684\u624b\u52bf\u51b2\u7a81.md", "mtime": 1450026099.0, "mode": "file", "name": "0024-zidingyiScrollView,yijiejueviewflipperyuscrollviewdishoushichongtu.md"}], "rname": "0015-Android\u7528\u6237\u754c\u9762\u4e4bScrollView(\u6eda\u52a8\u89c6\u56fe)", "name": "0015-AndroidyonghujiemianzhiScrollView(gundongshitu)", "mode": "tree", "mtime": 1450026099.0, "path": "android/0003-yonghujiemian/0015-AndroidyonghujiemianzhiScrollView(gundongshitu)"}