{"files": [{"path": "android/0003-yonghujiemian/0011-AndroidyonghujiemianzhiImageView(tuxiangshitu)/0000-ImageView.scaleTypeshuxingyiyi.md", "rname": "0000-ImageView.scaleType\u5c5e\u6027\u610f\u4e49.md", "mtime": 1424835166.0, "mode": "file", "name": "0000-ImageView.scaleTypeshuxingyiyi.md"}, {"path": "android/0003-yonghujiemian/0011-AndroidyonghujiemianzhiImageView(tuxiangshitu)/0001-Android ApiDemosxiliejiexi[View-ImageViewImageButton].md", "rname": "0001-Android ApiDemos\u7cfb\u5217\u89e3\u6790[View-ImageViewImageButton].md", "mtime": 1424835166.0, "mode": "file", "name": "0001-Android ApiDemosxiliejiexi[View-ImageViewImageButton].md"}, {"path": "android/0003-yonghujiemian/0011-AndroidyonghujiemianzhiImageView(tuxiangshitu)/0002-AndroidzhongImageViewdiduizhanyingyong.md", "rname": "0002-Android\u4e2dImageView\u7684\u5806\u6808\u5e94\u7528.md", "mtime": 1424835166.0, "mode": "file", "name": "0002-AndroidzhongImageViewdiduizhanyingyong.md"}, {"path": "android/0003-yonghujiemian/0011-AndroidyonghujiemianzhiImageView(tuxiangshitu)/0003-ImageViewtupianruhequanpingxianshi.md", "rname": "0003-ImageView\u56fe\u7247\u5982\u4f55\u5168\u5c4f\u663e\u793a.md", "mtime": 1424935090.0, "mode": "file", "name": "0003-ImageViewtupianruhequanpingxianshi.md"}, {"path": "android/0003-yonghujiemian/0011-AndroidyonghujiemianzhiImageView(tuxiangshitu)/0004-Android ImageViewhuizhikaiguananniu.md", "rname": "0004-Android ImageView\u7ed8\u5236\u5f00\u5173\u6309\u94ae.md", "mtime": 1424835166.0, "mode": "file", "name": "0004-Android ImageViewhuizhikaiguananniu.md"}, {"path": "android/0003-yonghujiemian/0011-AndroidyonghujiemianzhiImageView(tuxiangshitu)/0005-tupianxianshiimageVIew.md", "rname": "0005-\u56fe\u7247\u663e\u793aimageVIew.md", "mtime": 1424835166.0, "mode": "file", "name": "0005-tupianxianshiimageVIew.md"}, {"path": "android/0003-yonghujiemian/0011-AndroidyonghujiemianzhiImageView(tuxiangshitu)/0006-Android ImageViewshili.md", "rname": "0006-Android ImageView\u5b9e\u4f8b.md", "mtime": 1424835166.0, "mode": "file", "name": "0006-Android ImageViewshili.md"}, {"path": "android/0003-yonghujiemian/0011-AndroidyonghujiemianzhiImageView(tuxiangshitu)/0007-Android yongImageViewjiabiankuangshili.md", "rname": "0007-Android \u7528ImageView\u52a0\u8fb9\u6846\u5b9e\u4f8b.md", "mtime": 1424835166.0, "mode": "file", "name": "0007-Android yongImageViewjiabiankuangshili.md"}, {"path": "android/0003-yonghujiemian/0011-AndroidyonghujiemianzhiImageView(tuxiangshitu)/0008-ImageViewtupianxunhuanpaomadengdixiaoguo.md", "rname": "0008-ImageView\u56fe\u7247\u5faa\u73af\u8dd1\u9a6c\u706f\u7684\u6548\u679c.md", "mtime": 1424935089.0, "mode": "file", "name": "0008-ImageViewtupianxunhuanpaomadengdixiaoguo.md"}, {"path": "android/0003-yonghujiemian/0011-AndroidyonghujiemianzhiImageView(tuxiangshitu)/0009-jiandandishouzhituodongtupian,tupianhualaihuaquxianshiyingyong.md", "rname": "0009-\u7b80\u5355\u7684\u624b\u6307\u62d6\u52a8\u56fe\u7247,\u56fe\u7247\u6ed1\u6765\u6ed1\u53bb\u663e\u793a\u5e94\u7528.md", "mtime": 1424835166.0, "mode": "file", "name": "0009-jiandandishouzhituodongtupian,tupianhualaihuaquxianshiyingyong.md"}, {"path": "android/0003-yonghujiemian/0011-AndroidyonghujiemianzhiImageView(tuxiangshitu)/0010-Android imageview duodianchupeng(yi).md", "rname": "0010-Android imageview \u591a\u70b9\u89e6\u78b0(\u4e00).md", "mtime": 1424935089.0, "mode": "file", "name": "0010-Android imageview duodianchupeng(yi).md"}, {"path": "android/0003-yonghujiemian/0011-AndroidyonghujiemianzhiImageView(tuxiangshitu)/0011-Android imageview duodianchupeng(er).md", "rname": "0011-Android imageview \u591a\u70b9\u89e6\u78b0(\u4e8c).md", "mtime": 1424935088.0, "mode": "file", "name": "0011-Android imageview duodianchupeng(er).md"}, {"path": "android/0003-yonghujiemian/0011-AndroidyonghujiemianzhiImageView(tuxiangshitu)/0012-Android imageview duodianchupeng(san).md", "rname": "0012-Android imageview \u591a\u70b9\u89e6\u78b0(\u4e09).md", "mtime": 1424935087.0, "mode": "file", "name": "0012-Android imageview duodianchupeng(san).md"}, {"path": "android/0003-yonghujiemian/0011-AndroidyonghujiemianzhiImageView(tuxiangshitu)/0013-Android imageview duodianchupeng(si).md", "rname": "0013-Android imageview \u591a\u70b9\u89e6\u78b0(\u56db).md", "mtime": 1424935086.0, "mode": "file", "name": "0013-Android imageview duodianchupeng(si).md"}], "rname": "0011-Android\u7528\u6237\u754c\u9762\u4e4bImageView(\u56fe\u50cf\u89c6\u56fe)", "name": "0011-AndroidyonghujiemianzhiImageView(tuxiangshitu)", "mode": "tree", "mtime": 1424866980.0, "path": "android/0003-yonghujiemian/0011-AndroidyonghujiemianzhiImageView(tuxiangshitu)"}