{"files": [{"path": "android/0003-yonghujiemian/0008-AndroidyonghujiemianzhiAdapter(shipeiqi)/0000-Adapterditixi.md", "rname": "0000-Adapter\u7684\u4f53\u7cfb.md", "mtime": 1450026099.0, "mode": "file", "name": "0000-Adapterditixi.md"}, {"path": "android/0003-yonghujiemian/0008-AndroidyonghujiemianzhiAdapter(shipeiqi)/0001-Android shuoshuoAdapterdijigefangfa.md", "rname": "0001-Android \u8bf4\u8bf4Adapter\u7684\u51e0\u4e2a\u65b9\u6cd5.md", "mtime": 1450026099.0, "mode": "file", "name": "0001-Android shuoshuoAdapterdijigefangfa.md"}, {"path": "android/0003-yonghujiemian/0008-AndroidyonghujiemianzhiAdapter(shipeiqi)/0002-Android zidingyiAdapterdixinde.md", "rname": "0002-Android \u81ea\u5b9a\u4e49Adapter\u7684\u5fc3\u5f97.md", "mtime": 1450026099.0, "mode": "file", "name": "0002-Android zidingyiAdapterdixinde.md"}, {"path": "android/0003-yonghujiemian/0008-AndroidyonghujiemianzhiAdapter(shipeiqi)/0003-ListViewzhongAdapterdizidingyi.md", "rname": "0003-ListView\u4e2dAdapter\u7684\u81ea\u5b9a\u4e49.md", "mtime": 1450026099.0, "mode": "file", "name": "0003-ListViewzhongAdapterdizidingyi.md"}, {"path": "android/0003-yonghujiemian/0008-AndroidyonghujiemianzhiAdapter(shipeiqi)/0004-Android listViewtianjiaduogebutongdiadapter.md", "rname": "0004-Android listView\u6dfb\u52a0\u591a\u4e2a\u4e0d\u540c\u7684adapter.md", "mtime": 1450026099.0, "mode": "file", "name": "0004-Android listViewtianjiaduogebutongdiadapter.md"}, {"path": "android/0003-yonghujiemian/0008-AndroidyonghujiemianzhiAdapter(shipeiqi)/0005-tongguoAdaptershixianduoxuandiListView.md", "rname": "0005-\u901a\u8fc7Adapter\u5b9e\u73b0\u591a\u9009\u7684ListView.md", "mtime": 1450026099.0, "mode": "file", "name": "0005-tongguoAdaptershixianduoxuandiListView.md"}, {"path": "android/0003-yonghujiemian/0008-AndroidyonghujiemianzhiAdapter(shipeiqi)/0006-shuoshuoAdapternaxiebudebushuodishi-gaizaoSpinner.md", "rname": "0006-\u8bf4\u8bf4Adapter\u90a3\u4e9b\u4e0d\u5f97\u4e0d\u8bf4\u7684\u4e8b-\u6539\u9020Spinner.md", "mtime": 1450026099.0, "mode": "file", "name": "0006-shuoshuoAdapternaxiebudebushuodishi-gaizaoSpinner.md"}], "rname": "0008-Android\u7528\u6237\u754c\u9762\u4e4bAdapter(\u9002\u914d\u5668)", "name": "0008-AndroidyonghujiemianzhiAdapter(shipeiqi)", "mode": "tree", "mtime": 1450026099.0, "path": "android/0003-yonghujiemian/0008-AndroidyonghujiemianzhiAdapter(shipeiqi)"}