{"files": [{"path": "android/0003-yonghujiemian/0012-AndroidyonghujiemianzhiGridView(geshitu)/0000-Android duiGridViewtanjiu(yi).md", "rname": "0000-Android \u5bf9GridView\u63a2\u7a76(\u4e00).md", "mtime": 1424835166.0, "mode": "file", "name": "0000-Android duiGridViewtanjiu(yi).md"}, {"path": "android/0003-yonghujiemian/0012-AndroidyonghujiemianzhiGridView(geshitu)/0001-Android duiGridViewtanjiu(er).md", "rname": "0001-Android \u5bf9GridView\u63a2\u7a76(\u4e8c).md", "mtime": 1424935127.0, "mode": "file", "name": "0001-Android duiGridViewtanjiu(er).md"}, {"path": "android/0003-yonghujiemian/0012-AndroidyonghujiemianzhiGridView(geshitu)/0002-Android GridViewshituhuancunyouhua(yi).md", "rname": "0002-Android GridView\u89c6\u56fe\u7f13\u5b58\u4f18\u5316(\u4e00).md", "mtime": 1424935126.0, "mode": "file", "name": "0002-Android GridViewshituhuancunyouhua(yi).md"}, {"path": "android/0003-yonghujiemian/0012-AndroidyonghujiemianzhiGridView(geshitu)/0003-Android GridViewshituhuancunyouhua(er).md", "rname": "0003-Android GridView\u89c6\u56fe\u7f13\u5b58\u4f18\u5316(\u4e8c).md", "mtime": 1424935126.0, "mode": "file", "name": "0003-Android GridViewshituhuancunyouhua(er).md"}, {"path": "android/0003-yonghujiemian/0012-AndroidyonghujiemianzhiGridView(geshitu)/0004-Android Gridviewwanggebuju.md", "rname": "0004-Android Gridview\u7f51\u683c\u5e03\u5c40.md", "mtime": 1424835166.0, "mode": "file", "name": "0004-Android Gridviewwanggebuju.md"}, {"path": "android/0003-yonghujiemian/0012-AndroidyonghujiemianzhiGridView(geshitu)/0005-Android wanggeshitu(Grid View).md", "rname": "0005-Android \u7f51\u683c\u89c6\u56fe(Grid View).md", "mtime": 1424835166.0, "mode": "file", "name": "0005-Android wanggeshitu(Grid View).md"}, {"path": "android/0003-yonghujiemian/0012-AndroidyonghujiemianzhiGridView(geshitu)/0006-Android wanggebuju(GridView)lizi.md", "rname": "0006-Android \u7f51\u683c\u5e03\u5c40(GridView)\u4f8b\u5b50.md", "mtime": 1424835166.0, "mode": "file", "name": "0006-Android wanggebuju(GridView)lizi.md"}, {"path": "android/0003-yonghujiemian/0012-AndroidyonghujiemianzhiGridView(geshitu)/0007-Android GridViewgonggeshitujiandanyunyong.md", "rname": "0007-Android GridView\u5bab\u683c\u89c6\u56fe\u7b80\u5355\u8fd0\u7528.md", "mtime": 1424935125.0, "mode": "file", "name": "0007-Android GridViewgonggeshitujiandanyunyong.md"}, {"path": "android/0003-yonghujiemian/0012-AndroidyonghujiemianzhiGridView(geshitu)/0008-ActivityGroup + GridView shixianTabfenyebiaoqian.md", "rname": "0008-ActivityGroup + GridView \u5b9e\u73b0Tab\u5206\u9875\u6807\u7b7e.md", "mtime": 1424935125.0, "mode": "file", "name": "0008-ActivityGroup + GridView shixianTabfenyebiaoqian.md"}, {"path": "android/0003-yonghujiemian/0012-AndroidyonghujiemianzhiGridView(geshitu)/0009-AppliebiaozhituozhuaiGridView.md", "rname": "0009-App\u5217\u8868\u4e4b\u62d6\u62fdGridView.md", "mtime": 1424835166.0, "mode": "file", "name": "0009-AppliebiaozhituozhuaiGridView.md"}, {"path": "android/0003-yonghujiemian/0012-AndroidyonghujiemianzhiGridView(geshitu)/0010-duoliexianshizhiGridView.md", "rname": "0010-\u591a\u5217\u663e\u793a\u4e4bGridView.md", "mtime": 1424835166.0, "mode": "file", "name": "0010-duoliexianshizhiGridView.md"}, {"path": "android/0003-yonghujiemian/0012-AndroidyonghujiemianzhiGridView(geshitu)/0011-liyongGridViewshixianshoujicaidangongneng.md", "rname": "0011-\u5229\u7528GridView\u5b9e\u73b0\u624b\u673a\u83dc\u5355\u529f\u80fd.md", "mtime": 1424835166.0, "mode": "file", "name": "0011-liyongGridViewshixianshoujicaidangongneng.md"}], "rname": "0012-Android\u7528\u6237\u754c\u9762\u4e4bGridView(\u683c\u89c6\u56fe)", "name": "0012-AndroidyonghujiemianzhiGridView(geshitu)", "mode": "tree", "mtime": 1424866980.0, "path": "android/0003-yonghujiemian/0012-AndroidyonghujiemianzhiGridView(geshitu)"}