{"files": [{"path": "android/0003-yonghujiemian/0021-AndroidyonghujiemianzhiTabHost(fengelan)/0000-Android-UIpian-TabWidget(qiehuanqia).md", "rname": "0000-Android-UI\u7bc7-TabWidget(\u5207\u6362\u5361).md", "mtime": 1450026099.0, "mode": "file", "name": "0000-Android-UIpian-TabWidget(qiehuanqia).md"}, {"path": "android/0003-yonghujiemian/0021-AndroidyonghujiemianzhiTabHost(fengelan)/0001-AndroidzhongxuanxiangqiaTabHostdijibenshiyong.md", "rname": "0001-Android\u4e2d\u9009\u9879\u5361TabHost\u7684\u57fa\u672c\u4f7f\u7528.md", "mtime": 1450026099.0, "mode": "file", "name": "0001-AndroidzhongxuanxiangqiaTabHostdijibenshiyong.md"}, {"path": "android/0003-yonghujiemian/0021-AndroidyonghujiemianzhiTabHost(fengelan)/0002-AndroidrumenzhiTabHost TabWidget.md", "rname": "0002-Android\u5165\u95e8\u4e4bTabHost TabWidget.md", "mtime": 1450026099.0, "mode": "file", "name": "0002-AndroidrumenzhiTabHost TabWidget.md"}, {"path": "android/0003-yonghujiemian/0021-AndroidyonghujiemianzhiTabHost(fengelan)/0003-Android Tabhostbujianxiangjie.md", "rname": "0003-Android Tabhost\u90e8\u4ef6\u8be6\u89e3.md", "mtime": 1450026099.0, "mode": "file", "name": "0003-Android Tabhostbujianxiangjie.md"}, {"path": "android/0003-yonghujiemian/0021-AndroidyonghujiemianzhiTabHost(fengelan)/0004-Android Tabhost-Android UIxuexi.md", "rname": "0004-Android Tabhost-Android UI\u5b66\u4e60.md", "mtime": 1450026099.0, "mode": "file", "name": "0004-Android Tabhost-Android UIxuexi.md"}, {"path": "android/0003-yonghujiemian/0021-AndroidyonghujiemianzhiTabHost(fengelan)/0005-Android Tabhostbujian.md", "rname": "0005-Android Tabhost\u90e8\u4ef6.md", "mtime": 1450026099.0, "mode": "file", "name": "0005-Android Tabhostbujian.md"}, {"path": "android/0003-yonghujiemian/0021-AndroidyonghujiemianzhiTabHost(fengelan)/0006-TabHostliangzhongshixianfangshi.md", "rname": "0006-TabHost\u4e24\u79cd\u5b9e\u73b0\u65b9\u5f0f.md", "mtime": 1450026099.0, "mode": "file", "name": "0006-TabHostliangzhongshixianfangshi.md"}, {"path": "android/0003-yonghujiemian/0021-AndroidyonghujiemianzhiTabHost(fengelan)/0007-Android TabHostshili.md", "rname": "0007-Android TabHost\u5b9e\u4f8b.md", "mtime": 1450026099.0, "mode": "file", "name": "0007-Android TabHostshili.md"}, {"path": "android/0003-yonghujiemian/0021-AndroidyonghujiemianzhiTabHost(fengelan)/0008-Android TabHostyingyong.md", "rname": "0008-Android TabHost\u5e94\u7528.md", "mtime": 1450026099.0, "mode": "file", "name": "0008-Android TabHostyingyong.md"}, {"path": "android/0003-yonghujiemian/0021-AndroidyonghujiemianzhiTabHost(fengelan)/0009-biaozhunTabHostdiyingyong.md", "rname": "0009-\u6807\u51c6TabHost\u7684\u5e94\u7528.md", "mtime": 1450026099.0, "mode": "file", "name": "0009-biaozhunTabHostdiyingyong.md"}, {"path": "android/0003-yonghujiemian/0021-AndroidyonghujiemianzhiTabHost(fengelan)/0010-Android TabHostdibiaoqianfangzaidibu.md", "rname": "0010-Android TabHost\u7684\u6807\u7b7e\u653e\u5728\u5e95\u90e8.md", "mtime": 1450026099.0, "mode": "file", "name": "0010-Android TabHostdibiaoqianfangzaidibu.md"}, {"path": "android/0003-yonghujiemian/0021-AndroidyonghujiemianzhiTabHost(fengelan)/0011-Android TabHostdimeihuayusheji.md", "rname": "0011-Android TabHost\u7684\u7f8e\u5316\u4e0e\u8bbe\u8ba1.md", "mtime": 1450026099.0, "mode": "file", "name": "0011-Android TabHostdimeihuayusheji.md"}, {"path": "android/0003-yonghujiemian/0021-AndroidyonghujiemianzhiTabHost(fengelan)/0012-AndroidshixianzuijiandandiListView.md", "rname": "0012-Android\u5b9e\u73b0\u6700\u7b80\u5355\u7684ListView.md", "mtime": 1450026099.0, "mode": "file", "name": "0012-AndroidshixianzuijiandandiListView.md"}, {"path": "android/0003-yonghujiemian/0021-AndroidyonghujiemianzhiTabHost(fengelan)/0013-TabHostzhongtianchongzidingyiListView.md", "rname": "0013-TabHost\u4e2d\u586b\u5145\u81ea\u5b9a\u4e49ListView.md", "mtime": 1450026099.0, "mode": "file", "name": "0013-TabHostzhongtianchongzidingyiListView.md"}, {"path": "android/0003-yonghujiemian/0021-AndroidyonghujiemianzhiTabHost(fengelan)/0014-guanyuTabHostdixiaoyanjiu.md", "rname": "0014-\u5173\u4e8eTabHost\u7684\u5c0f\u7814\u7a76.md", "mtime": 1450026099.0, "mode": "file", "name": "0014-guanyuTabHostdixiaoyanjiu.md"}, {"path": "android/0003-yonghujiemian/0021-AndroidyonghujiemianzhiTabHost(fengelan)/0015-ViewPagerheTabHostjiehe.md", "rname": "0015-ViewPager\u548cTabHost\u7ed3\u5408.md", "mtime": 1450026099.0, "mode": "file", "name": "0015-ViewPagerheTabHostjiehe.md"}, {"path": "android/0003-yonghujiemian/0021-AndroidyonghujiemianzhiTabHost(fengelan)/0016-Android tabsbeijinghuadongxiaoguo.md", "rname": "0016-Android tabs\u80cc\u666f\u6ed1\u52a8\u6548\u679c.md", "mtime": 1450026099.0, "mode": "file", "name": "0016-Android tabsbeijinghuadongxiaoguo.md"}, {"path": "android/0003-yonghujiemian/0021-AndroidyonghujiemianzhiTabHost(fengelan)/0017-shuxingTabHostfenxiang.md", "rname": "0017-\u7ad6\u578bTabHost\u5206\u4eab.md", "mtime": 1450026099.0, "mode": "file", "name": "0017-shuxingTabHostfenxiang.md"}, {"path": "android/0003-yonghujiemian/0021-AndroidyonghujiemianzhiTabHost(fengelan)/0018-zidingyitabhostshili.md", "rname": "0018-\u81ea\u5b9a\u4e49tabhost\u5b9e\u4f8b.md", "mtime": 1450026099.0, "mode": "file", "name": "0018-zidingyitabhostshili.md"}, {"path": "android/0003-yonghujiemian/0021-AndroidyonghujiemianzhiTabHost(fengelan)/0019-shezhitabHost zhongditabsdizitiyanse,daxiao.md", "rname": "0019-\u8bbe\u7f6etabHost \u4e2d\u7684tabs\u7684\u5b57\u4f53\u989c\u8272,\u5927\u5c0f.md", "mtime": 1450026099.0, "mode": "file", "name": "0019-shezhitabHost zhongditabsdizitiyanse,daxiao.md"}, {"path": "android/0003-yonghujiemian/0021-AndroidyonghujiemianzhiTabHost(fengelan)/0020-xiugaitabhostzhongtabdibeijing.md", "rname": "0020-\u4fee\u6539tabhost\u4e2dtab\u7684\u80cc\u666f.md", "mtime": 1450026099.0, "mode": "file", "name": "0020-xiugaitabhostzhongtabdibeijing.md"}], "rname": "0021-Android\u7528\u6237\u754c\u9762\u4e4bTabHost(\u5206\u5272\u680f)", "name": "0021-AndroidyonghujiemianzhiTabHost(fengelan)", "mode": "tree", "mtime": 1450026099.0, "path": "android/0003-yonghujiemian/0021-AndroidyonghujiemianzhiTabHost(fengelan)"}