{"files": [{"path": "android/0002-Androidzujian/0008-Thread/0000-xianchengdijichuzhishi.md", "rname": "0000-\u7ebf\u7a0b\u7684\u57fa\u7840\u77e5\u8bc6.md", "mtime": 1424835166.0, "mode": "file", "name": "0000-xianchengdijichuzhishi.md"}, {"path": "android/0002-Androidzujian/0008-Thread/0001-Android xianchengxuexi.md", "rname": "0001-Android \u7ebf\u7a0b\u5b66\u4e60.md", "mtime": 1424835166.0, "mode": "file", "name": "0001-Android xianchengxuexi.md"}, {"path": "android/0002-Androidzujian/0008-Thread/0002-Androidkaifazhilv jinchengyuxiancheng .md", "rname": "0002-Android\u5f00\u53d1\u4e4b\u65c5 \u8fdb\u7a0b\u4e0e\u7ebf\u7a0b .md", "mtime": 1425023563.0, "mode": "file", "name": "0002-Androidkaifazhilv jinchengyuxiancheng .md"}, {"path": "android/0002-Androidzujian/0008-Thread/0003-xianchenghejinchengdiqubie.md", "rname": "0003-\u7ebf\u7a0b\u548c\u8fdb\u7a0b\u7684\u533a\u522b.md", "mtime": 1424835166.0, "mode": "file", "name": "0003-xianchenghejinchengdiqubie.md"}, {"path": "android/0002-Androidzujian/0008-Thread/0004-chuangjianxianchengdiliangzhongfangshi.md", "rname": "0004-\u521b\u5efa\u7ebf\u7a0b\u7684\u4e24\u79cd\u65b9\u5f0f.md", "mtime": 1424835166.0, "mode": "file", "name": "0004-chuangjianxianchengdiliangzhongfangshi.md"}, {"path": "android/0002-Androidzujian/0008-Thread/0005-Android xianchengjianditongxin.md", "rname": "0005-Android \u7ebf\u7a0b\u95f4\u7684\u901a\u4fe1.md", "mtime": 1425023597.0, "mode": "file", "name": "0005-Android xianchengjianditongxin.md"}, {"path": "android/0002-Androidzujian/0008-Thread/0006-AndroidxianchengjiantongxindiMessagejizhi.md", "rname": "0006-Android\u7ebf\u7a0b\u95f4\u901a\u4fe1\u7684Message\u673a\u5236.md", "mtime": 1424934902.0, "mode": "file", "name": "0006-AndroidxianchengjiantongxindiMessagejizhi.md"}, {"path": "android/0002-Androidzujian/0008-Thread/0007-ActivityyuThreadzhijianditongxun.md", "rname": "0007-Activity\u4e0eThread\u4e4b\u95f4\u7684\u901a\u8baf.md", "mtime": 1424835166.0, "mode": "file", "name": "0007-ActivityyuThreadzhijianditongxun.md"}, {"path": "android/0002-Androidzujian/0008-Thread/0008-Android xianchengjiaohu+xiugaiButtonyangshi(yi).md", "rname": "0008-Android \u7ebf\u7a0b\u4ea4\u4e92+\u4fee\u6539Button\u6837\u5f0f(\u4e00).md", "mtime": 1424835166.0, "mode": "file", "name": "0008-Android xianchengjiaohu+xiugaiButtonyangshi(yi).md"}, {"path": "android/0002-Androidzujian/0008-Thread/0009-Android xianchengjiaohu+xiugaiButtonyangshi(er).md", "rname": "0009-Android \u7ebf\u7a0b\u4ea4\u4e92+\u4fee\u6539Button\u6837\u5f0f(\u4e8c).md", "mtime": 1424835166.0, "mode": "file", "name": "0009-Android xianchengjiaohu+xiugaiButtonyangshi(er).md"}, {"path": "android/0002-Androidzujian/0008-Thread/0010-Android duoxianchengxiazai.md", "rname": "0010-Android \u591a\u7ebf\u7a0b\u4e0b\u8f7d.md", "mtime": 1424934901.0, "mode": "file", "name": "0010-Android duoxianchengxiazai.md"}], "rname": "0008-Thread", "name": "0008-Thread", "mode": "tree", "mtime": 1424866980.0, "path": "android/0002-Androidzujian/0008-Thread"}