{"files": [{"path": "android/0001-Androidjichu/0009-dabao/0000-APKwenjiandijiebaodabaohexiugai.md", "rname": "0000-APK\u6587\u4ef6\u7684\u89e3\u5305\u6253\u5305\u548c\u4fee\u6539.md", "mtime": 1450026099.0, "mode": "file", "name": "0000-APKwenjiandijiebaodabaohexiugai.md"}, {"path": "android/0001-Androidjichu/0009-dabao/0001-Android baAPKwenjiandabaobianyi.md", "rname": "0001-Android \u628aAPK\u6587\u4ef6\u6253\u5305\u7f16\u8bd1.md", "mtime": 1450026099.0, "mode": "file", "name": "0001-Android baAPKwenjiandabaobianyi.md"}, {"path": "android/0001-Androidjichu/0009-dabao/0002-Android piliangdabao.md", "rname": "0002-Android \u6279\u91cf\u6253\u5305.md", "mtime": 1450026099.0, "mode": "file", "name": "0002-Android piliangdabao.md"}, {"path": "android/0001-Androidjichu/0009-dabao/0003-Linuxxiashiyongshellkongzhiantpiliangdabao.md", "rname": "0003-Linux\u4e0b\u4f7f\u7528shell\u63a7\u5236ant\u6279\u91cf\u6253\u5305.md", "mtime": 1450026099.0, "mode": "file", "name": "0003-Linuxxiashiyongshellkongzhiantpiliangdabao.md"}, {"path": "android/0001-Androidjichu/0009-dabao/0004-guanyuduogeapkdabaoyiqianzhuang.md", "rname": "0004-\u5173\u4e8e\u591a\u4e2aapk\u6253\u5305\u4e00\u8d77\u5b89\u88c5.md", "mtime": 1450026099.0, "mode": "file", "name": "0004-guanyuduogeapkdabaoyiqianzhuang.md"}], "rname": "0009-\u6253\u5305", "name": "0009-dabao", "mode": "tree", "mtime": 1450026099.0, "path": "android/0001-Androidjichu/0009-dabao"}