{"files": [{"path": "android/0002-Androidzujian/0007-Handler/0000-Handler jichurenshi.md", "rname": "0000-Handler \u57fa\u7840\u8ba4\u8bc6.md", "mtime": 1424835166.0, "mode": "file", "name": "0000-Handler jichurenshi.md"}, {"path": "android/0002-Androidzujian/0007-Handler/0001-Android Handlerdishiyong(yi).md", "rname": "0001-Android Handler\u7684\u4f7f\u7528(\u4e00).md", "mtime": 1425022782.0, "mode": "file", "name": "0001-Android Handlerdishiyong(yi).md"}, {"path": "android/0002-Androidzujian/0007-Handler/0002-Android Handlerdishiyong(er).md", "rname": "0002-Android Handler\u7684\u4f7f\u7528(\u4e8c).md", "mtime": 1424934906.0, "mode": "file", "name": "0002-Android Handlerdishiyong(er).md"}, {"path": "android/0002-Androidzujian/0007-Handler/0003-Android GWESzhiAndroidxiaoxixitong.md", "rname": "0003-Android GWES\u4e4bAndroid\u6d88\u606f\u7cfb\u7edf.md", "mtime": 1425022837.0, "mode": "file", "name": "0003-Android GWESzhiAndroidxiaoxixitong.md"}, {"path": "android/0002-Androidzujian/0007-Handler/0004-yongHandlergengxinjindutiaoProgressBar.md", "rname": "0004-\u7528Handler\u66f4\u65b0\u8fdb\u5ea6\u6761ProgressBar.md", "mtime": 1424934905.0, "mode": "file", "name": "0004-yongHandlergengxinjindutiaoProgressBar.md"}, {"path": "android/0002-Androidzujian/0007-Handler/0005-zaiAndroiddiNotificationzhongxianshijindutiao.md", "rname": "0005-\u5728Android\u7684Notification\u4e2d\u663e\u793a\u8fdb\u5ea6\u6761.md", "mtime": 1425022877.0, "mode": "file", "name": "0005-zaiAndroiddiNotificationzhongxianshijindutiao.md"}, {"path": "android/0002-Androidzujian/0007-Handler/0006-tongguoxianchenggaibianjiemianbuttondineirong.md", "rname": "0006-\u901a\u8fc7\u7ebf\u7a0b\u6539\u53d8\u754c\u9762button\u7684\u5185\u5bb9.md", "mtime": 1424934904.0, "mode": "file", "name": "0006-tongguoxianchenggaibianjiemianbuttondineirong.md"}, {"path": "android/0002-Androidzujian/0007-Handler/0007-5miaozhongzidonggengxinTitle.md", "rname": "0007-5\u79d2\u949f\u81ea\u52a8\u66f4\u65b0Title.md", "mtime": 1424835166.0, "mode": "file", "name": "0007-5miaozhongzidonggengxinTitle.md"}], "rname": "0007-Handler", "name": "0007-Handler", "mode": "tree", "mtime": 1424835142.0, "path": "android/0002-Androidzujian/0007-Handler"}