{"files": [{"path": "android/0003-yonghujiemian/0004-AndroidyonghujiemianzhiEditText(bianjishitu)/0000-Android quanmianjieshaoEditText.md", "rname": "0000-Android \u5168\u9762\u4ecb\u7ecdEditText.md", "mtime": 1424835166.0, "mode": "file", "name": "0000-Android quanmianjieshaoEditText.md"}, {"path": "android/0003-yonghujiemian/0004-AndroidyonghujiemianzhiEditText(bianjishitu)/0001-AndroidzhongEditText-kebianjiwenbenkongjian.md", "rname": "0001-Android\u4e2dEditText-\u53ef\u7f16\u8f91\u6587\u672c\u63a7\u4ef6.md", "mtime": 1424835166.0, "mode": "file", "name": "0001-AndroidzhongEditText-kebianjiwenbenkongjian.md"}, {"path": "android/0003-yonghujiemian/0004-AndroidyonghujiemianzhiEditText(bianjishitu)/0002-Android EditText(bianjikuang)shili(yi).md", "rname": "0002-Android EditText(\u7f16\u8f91\u6846)\u5b9e\u4f8b(\u4e00).md", "mtime": 1424935081.0, "mode": "file", "name": "0002-Android EditText(bianjikuang)shili(yi).md"}, {"path": "android/0003-yonghujiemian/0004-AndroidyonghujiemianzhiEditText(bianjishitu)/0003-Android EditText(bianjikuang)shili(er).md", "rname": "0003-Android EditText(\u7f16\u8f91\u6846)\u5b9e\u4f8b(\u4e8c).md", "mtime": 1426509926.0, "mode": "file", "name": "0003-Android EditText(bianjikuang)shili(er).md"}, {"path": "android/0003-yonghujiemian/0004-AndroidyonghujiemianzhiEditText(bianjishitu)/0004-EditTextdiyixieshiyongzhuyidian.md", "rname": "0004-EditText\u7684\u4e00\u4e9b\u4f7f\u7528\u6ce8\u610f\u70b9.md", "mtime": 1424835166.0, "mode": "file", "name": "0004-EditTextdiyixieshiyongzhuyidian.md"}, {"path": "android/0003-yonghujiemian/0004-AndroidyonghujiemianzhiEditText(bianjishitu)/0005-duiEditTextshuruzishuzuoxianzhi.md", "rname": "0005-\u5bf9EditText\u8f93\u5165\u5b57\u6570\u505a\u9650\u5236.md", "mtime": 1424935084.0, "mode": "file", "name": "0005-duiEditTextshuruzishuzuoxianzhi.md"}, {"path": "android/0003-yonghujiemian/0004-AndroidyonghujiemianzhiEditText(bianjishitu)/0006-zidingyichengxushixianAndroid EditTextzhiyunxushuruzhidingzifu.md", "rname": "0006-\u81ea\u5b9a\u4e49\u7a0b\u5e8f\u5b9e\u73b0Android EditText\u53ea\u5141\u8bb8\u8f93\u5165\u6307\u5b9a\u5b57\u7b26.md", "mtime": 1426510046.0, "mode": "file", "name": "0006-zidingyichengxushixianAndroid EditTextzhiyunxushuruzhidingzifu.md"}, {"path": "android/0003-yonghujiemian/0004-AndroidyonghujiemianzhiEditText(bianjishitu)/0007-zhiduEditTextneirongkegundong(jinzhishurufa)dishixian.md", "rname": "0007-\u53ea\u8bfbEditText\u5185\u5bb9\u53ef\u6eda\u52a8(\u7981\u6b62\u8f93\u5165\u6cd5)\u7684\u5b9e\u73b0.md", "mtime": 1424835166.0, "mode": "file", "name": "0007-zhiduEditTextneirongkegundong(jinzhishurufa)dishixian.md"}, {"path": "android/0003-yonghujiemian/0004-AndroidyonghujiemianzhiEditText(bianjishitu)/0008-EditTextcharubiaoqingtupian.md", "rname": "0008-EditText\u63d2\u5165\u8868\u60c5\u56fe\u7247.md", "mtime": 1424835166.0, "mode": "file", "name": "0008-EditTextcharubiaoqingtupian.md"}, {"path": "android/0003-yonghujiemian/0004-AndroidyonghujiemianzhiEditText(bianjishitu)/0009-EditTextruhehuoqutextzhongtupiandiwenben.md", "rname": "0009-EditText\u5982\u4f55\u83b7\u53d6text\u4e2d\u56fe\u7247\u7684\u6587\u672c.md", "mtime": 1426510067.0, "mode": "file", "name": "0009-EditTextruhehuoqutextzhongtupiandiwenben.md"}, {"path": "android/0003-yonghujiemian/0004-AndroidyonghujiemianzhiEditText(bianjishitu)/0010-EditTextdiguizebiaodashi.md", "rname": "0010-EditText\u7684\u89c4\u5219\u8868\u8fbe\u5f0f.md", "mtime": 1424935097.0, "mode": "file", "name": "0010-EditTextdiguizebiaodashi.md"}], "rname": "0004-Android\u7528\u6237\u754c\u9762\u4e4bEditText(\u7f16\u8f91\u89c6\u56fe)", "name": "0004-AndroidyonghujiemianzhiEditText(bianjishitu)", "mode": "tree", "mtime": 1424866980.0, "path": "android/0003-yonghujiemian/0004-AndroidyonghujiemianzhiEditText(bianjishitu)"}