{"files": [{"path": "android/0002-Androidzujian/0003-Service/0000-Android Service (yi).md", "rname": "0000-Android Service (\u4e00).md", "mtime": 1450026099.0, "mode": "file", "name": "0000-Android Service (yi).md"}, {"path": "android/0002-Androidzujian/0003-Service/0001-Android Service (er).md", "rname": "0001-Android Service (\u4e8c).md", "mtime": 1450026099.0, "mode": "file", "name": "0001-Android Service (er).md"}, {"path": "android/0002-Androidzujian/0003-Service/0002-Android Serviceshengmingzhouqi.md", "rname": "0002-Android Service\u751f\u547d\u5468\u671f.md", "mtime": 1450026099.0, "mode": "file", "name": "0002-Android Serviceshengmingzhouqi.md"}, {"path": "android/0002-Androidzujian/0003-Service/0003-Android Service shengmingqixiangjie.md", "rname": "0003-Android Service \u751f\u547d\u671f\u8be6\u89e3.md", "mtime": 1450026099.0, "mode": "file", "name": "0003-Android Service shengmingqixiangjie.md"}, {"path": "android/0002-Androidzujian/0003-Service/0004-Servicediqidongyuyunhang.md", "rname": "0004-Service\u7684\u542f\u52a8\u4e0e\u8fd0\u884c.md", "mtime": 1450026099.0, "mode": "file", "name": "0004-Servicediqidongyuyunhang.md"}, {"path": "android/0002-Androidzujian/0003-Service/0005-startservicehebindservicexiangjie.md", "rname": "0005-startservice\u548cbindservice\u8be6\u89e3.md", "mtime": 1450026099.0, "mode": "file", "name": "0005-startservicehebindservicexiangjie.md"}, {"path": "android/0002-Androidzujian/0003-Service/0006-Android Service tongxin.md", "rname": "0006-Android Service \u901a\u4fe1.md", "mtime": 1450026099.0, "mode": "file", "name": "0006-Android Service tongxin.md"}, {"path": "android/0002-Androidzujian/0003-Service/0007-Service yu Thread diqufenxiangjie.md", "rname": "0007-Service \u4e0e Thread \u7684\u533a\u5206\u8be6\u89e3.md", "mtime": 1450026099.0, "mode": "file", "name": "0007-Service yu Thread diqufenxiangjie.md"}, {"path": "android/0002-Androidzujian/0003-Service/0008-panduanyigezhidingdiServiceshifoucunzaidifangfa.md", "rname": "0008-\u5224\u65ad\u4e00\u4e2a\u6307\u5b9a\u7684Service\u662f\u5426\u5b58\u5728\u7684\u65b9\u6cd5.md", "mtime": 1450026099.0, "mode": "file", "name": "0008-panduanyigezhidingdiServiceshifoucunzaidifangfa.md"}, {"path": "android/0002-Androidzujian/0003-Service/0009-Android Service daimashili.md", "rname": "0009-Android Service \u4ee3\u7801\u5b9e\u4f8b.md", "mtime": 1450026099.0, "mode": "file", "name": "0009-Android Service daimashili.md"}, {"path": "android/0002-Androidzujian/0003-Service/0010-Android Service xiangjiejiandanyinlebofangqi.md", "rname": "0010-Android Service \u8be6\u89e3\u7b80\u5355\u97f3\u4e50\u64ad\u653e\u5668.md", "mtime": 1450026099.0, "mode": "file", "name": "0010-Android Service xiangjiejiandanyinlebofangqi.md"}], "rname": "0003-Service", "name": "0003-Service", "mode": "tree", "mtime": 1450026099.0, "path": "android/0002-Androidzujian/0003-Service"}