{"files": [{"path": "android/0001-Androidjichu/0007-DDMS/0000-Android DDMSgongzuoyuanli.md", "rname": "0000-Android DDMS\u5de5\u4f5c\u539f\u7406.md", "mtime": 1424931341.0, "mode": "file", "name": "0000-Android DDMSgongzuoyuanli.md"}, {"path": "android/0001-Androidjichu/0007-DDMS/0001-Android DDMSshiyong.md", "rname": "0001-Android DDMS\u4f7f\u7528.md", "mtime": 1424931430.0, "mode": "file", "name": "0001-Android DDMSshiyong.md"}, {"path": "android/0001-Androidjichu/0007-DDMS/0002-ruheyingyongDDMSxiezhukaifaAndroid Apps.md", "rname": "0002-\u5982\u4f55\u5e94\u7528DDMS\u534f\u52a9\u5f00\u53d1Android Apps.md", "mtime": 1424931491.0, "mode": "file", "name": "0002-ruheyingyongDDMSxiezhukaifaAndroid Apps.md"}], "rname": "0007-DDMS", "name": "0007-DDMS", "mode": "tree", "mtime": 1424835142.0, "path": "android/0001-Androidjichu/0007-DDMS"}