{"files": [{"path": "android/0001-Androidjichu/0003-moniqi/0000-Android moniqishiyongzhidao.md", "rname": "0000-Android \u6a21\u62df\u5668\u4f7f\u7528\u6307\u5bfc.md", "mtime": 1424835166.0, "mode": "file", "name": "0000-Android moniqishiyongzhidao.md"}, {"path": "android/0001-Androidjichu/0003-moniqi/0001-Android moniqiminglingdaquan.md", "rname": "0001-Android \u6a21\u62df\u5668\u547d\u4ee4\u5927\u5168.md", "mtime": 1424835166.0, "mode": "file", "name": "0001-Android moniqiminglingdaquan.md"}, {"path": "android/0001-Androidjichu/0003-moniqi/0002-Androidmoniqipingmuqiehuanhengping.md", "rname": "0002-Android\u6a21\u62df\u5668\u5c4f\u5e55\u5207\u6362\u6a2a\u5c4f.md", "mtime": 1424835166.0, "mode": "file", "name": "0002-Androidmoniqipingmuqiehuanhengping.md"}, {"path": "android/0001-Androidjichu/0003-moniqi/0003-genggaiAndroid AVDmoniqichuangjianlujingweizhidifangfa.md", "rname": "0003-\u66f4\u6539Android AVD\u6a21\u62df\u5668\u521b\u5efa\u8def\u5f84\u4f4d\u7f6e\u7684\u65b9\u6cd5.md", "mtime": 1424931551.0, "mode": "file", "name": "0003-genggaiAndroid AVDmoniqichuangjianlujingweizhidifangfa.md"}, {"path": "android/0001-Androidjichu/0003-moniqi/0004-moniqizhongjiazaiheshiyongSDCardqia.md", "rname": "0004-\u6a21\u62df\u5668\u4e2d\u52a0\u8f7d\u548c\u4f7f\u7528SDCard\u5361.md", "mtime": 1424835166.0, "mode": "file", "name": "0004-moniqizhongjiazaiheshiyongSDCardqia.md"}, {"path": "android/0001-Androidjichu/0003-moniqi/0005-zaiAndroidmoniqizhongyongjiushanchuzidaiyingyongchengxu.md", "rname": "0005-\u5728Android\u6a21\u62df\u5668\u4e2d\u6c38\u4e45\u5220\u9664\u81ea\u5e26\u5e94\u7528\u7a0b\u5e8f.md", "mtime": 1424835166.0, "mode": "file", "name": "0005-zaiAndroidmoniqizhongyongjiushanchuzidaiyingyongchengxu.md"}, {"path": "android/0001-Androidjichu/0003-moniqi/0006-PCdiannaoheAndroidmoniqifangwenjimoniqizhijianTCP,UDPtongxin.md", "rname": "0006-PC\u7535\u8111\u548cAndroid\u6a21\u62df\u5668\u8bbf\u95ee\u53ca\u6a21\u62df\u5668\u4e4b\u95f4TCP,UDP\u901a\u4fe1.md", "mtime": 1424835166.0, "mode": "file", "name": "0006-PCdiannaoheAndroidmoniqifangwenjimoniqizhijianTCP,UDPtongxin.md"}, {"path": "android/0001-Androidjichu/0003-moniqi/0007-Androidmoniqitongguobendidiannaoshangwang.md", "rname": "0007-Android\u6a21\u62df\u5668\u901a\u8fc7\u672c\u5730\u7535\u8111\u4e0a\u7f51.md", "mtime": 1424835166.0, "mode": "file", "name": "0007-Androidmoniqitongguobendidiannaoshangwang.md"}, {"path": "android/0001-Androidjichu/0003-moniqi/0008-Androidmoniqishixiandadianhuafaduanxin.md", "rname": "0008-Android\u6a21\u62df\u5668\u5b9e\u73b0\u6253\u7535\u8bdd\u53d1\u77ed\u4fe1.md", "mtime": 1424835166.0, "mode": "file", "name": "0008-Androidmoniqishixiandadianhuafaduanxin.md"}, {"path": "android/0001-Androidjichu/0003-moniqi/0009-Androidrangmoniqineicunbianda.md", "rname": "0009-Android\u8ba9\u6a21\u62df\u5668\u5185\u5b58\u53d8\u5927.md", "mtime": 1424931632.0, "mode": "file", "name": "0009-Androidrangmoniqineicunbianda.md"}], "rname": "0003-\u6a21\u62df\u5668", "name": "0003-moniqi", "mode": "tree", "mtime": 1424835142.0, "path": "android/0001-Androidjichu/0003-moniqi"}